,rankings_blue_top,rankings_blue_jungle,rankings_blue_mid,rankings_blue_adc,rankings_blue_support,rankings_red_top,rankings_red_jungle,rankings_red_mid,rankings_red_adc,rankings_red_support,champ_winrate_blue_top,champ_winrate_blue_jungle,champ_winrate_blue_mid,champ_winrate_blue_adc,champ_winrate_blue_support,champ_winrate_red_top,champ_winrate_red_jungle,champ_winrate_red_mid,champ_winrate_red_adc,champ_winrate_red_support,champ_total_games_blue_top,champ_total_games_blue_jungle,champ_total_games_blue_mid,champ_total_games_blue_adc,champ_total_games_blue_support,champ_total_games_red_top,champ_total_games_red_jungle,champ_total_games_red_mid,champ_total_games_red_adc,champ_total_games_red_support,result
0,460,460,460,480,480,480,460,520,480,480,0.33,0.17,0.0,0.52,0.0,0.62,0.6,0.8,0.7,0.45,9,6,1,206,1,13,42,5,10,20,0
1,520,520,520,520,520,520,480,520,480,480,1.0,0.4,0.6,0.5,0.64,0.29,0.0,0.57,0.5,0.5,2,10,94,8,14,34,3,7,10,12,1
2,460,520,520,480,480,480,520,520,520,520,0.63,0.56,0.42,0.5,0.5,0.6,0.61,0.43,0.53,0.45,19,190,43,10,12,10,85,7,53,20,0
3,480,480,520,460,520,520,480,520,480,480,0.57,0.6,0.64,0.46,0.29,0.6,0.62,0.56,0.5,0.4,282,78,67,13,7,444,125,45,2,5,0
4,520,520,460,480,480,480,520,520,440,560,0.44,0.25,0.75,0.5,0.5,0.37,0.56,0.25,0.49,0.67,131,8,4,10,12,76,9,8,49,6,0
5,520,440,560,520,520,480,520,520,480,480,0.55,0.56,0.71,0.44,0.53,0.58,0.38,0.21,0.67,0.5,520,9,21,25,650,101,16,14,3,4,1
6,480,520,520,480,480,440,520,540,520,480,0.25,0.5,0.61,0.4,0.4,0.6,0.39,0.5,0.52,0.6,4,6,74,5,5,35,28,16,103,53,0
7,440,540,520,480,480,480,480,520,520,460,0.58,0.54,0.3,0.4,0.57,1.0,0.5,0.56,0.76,0.68,139,26,23,5,7,1,6,61,29,38,0
8,460,540,540,480,480,520,520,520,520,520,0.64,0.5,0.58,0.67,0.5,0.53,0.63,0.53,0.5,0.33,14,18,19,3,4,187,16,193,8,3,0
9,520,520,520,480,480,460,520,460,480,520,0.61,0.57,0.42,0.6,0.57,0.33,0.5,0.5,0.0,0.33,64,14,55,10,7,6,16,36,1,6,0
10,480,520,540,480,480,520,520,520,520,460,0.52,0.54,0.5,0.67,0.5,0.57,0.56,0.6,0.75,0.55,27,54,12,3,4,189,161,368,12,58,0
11,520,480,520,480,480,520,520,520,520,520,0.5,0.7,0.62,0.6,1.0,0.51,0.56,0.58,0.22,0.57,6,10,93,10,3,106,110,97,9,128,0
12,520,520,520,480,480,540,520,520,520,520,0.56,0.56,0.5,0.6,0.57,0.73,0.69,0.59,0.58,0.52,9,161,26,10,7,26,35,34,12,201,0
13,460,520,520,480,520,480,480,480,480,460,0.52,0.0,0.46,0.0,0.2,0.59,0.52,0.52,0.6,0.57,46,2,13,2,5,118,85,60,10,7,0
14,520,440,480,520,520,520,480,460,520,520,0.29,0.59,0.6,0.43,0.5,0.57,0.0,0.5,0.52,0.56,7,27,10,134,2,368,1,2,166,279,1
15,480,480,480,480,480,480,480,480,520,480,0.5,0.0,0.0,0.62,0.56,0.89,0.62,0.5,0.43,0.58,2,1,1,21,63,9,37,2,35,97,0
16,480,460,460,480,520,480,460,460,460,520,0.33,0.54,0.57,0.33,0.56,0.64,0.72,0.5,0.55,0.29,3,175,202,9,25,129,18,2,29,7,0
17,520,480,460,520,520,460,520,480,520,480,0.41,0.46,0.5,0.27,0.61,1.0,0.47,1.0,1.0,0.5,34,13,6,15,33,1,15,2,3,12,0
18,520,480,480,520,520,480,480,460,520,520,0.55,0.59,0.49,0.48,0.51,0.0,0.5,0.6,0.5,0.32,69,87,67,44,463,1,4,5,2,19,1
19,480,460,520,480,480,460,520,540,480,480,0.6,0.35,0.67,0.25,0.67,0.5,0.5,0.0,0.4,0.5,5,43,3,8,18,2,4,3,5,6,1
20,480,480,520,480,520,520,480,480,480,480,0.5,0.44,0.5,0.5,0.54,0.57,0.29,0.5,0.6,0.0,28,18,4,68,70,263,7,6,10,4,1
21,480,480,480,520,460,480,480,540,420,520,0.67,0.67,0.49,1.0,0.5,0.5,0.0,0.59,0.49,0.5,9,3,57,1,10,2,1,68,75,2,1
22,520,520,520,480,480,520,520,480,520,520,0.0,0.33,0.4,0.78,0.5,0.64,0.72,0.67,0.51,0.5,3,6,15,9,4,42,43,3,146,38,0
23,460,460,520,540,460,480,560,480,520,440,0.0,0.43,0.47,0.64,0.0,0.5,0.61,0.6,0.63,0.73,1,30,55,11,1,2,38,5,8,37,0
24,460,480,480,520,460,460,520,460,480,520,0.5,0.58,0.6,0.5,0.54,0.57,0.54,0.0,0.52,0.64,2,38,5,66,26,70,48,2,190,28,0
25,480,480,480,520,520,520,520,520,460,520,0.63,1.0,0.6,0.71,0.88,0.39,0.42,0.64,0.8,0.4,8,1,5,21,8,13,24,58,5,15,0
26,520,520,480,480,480,520,440,480,480,480,0.58,0.43,0.56,0.5,0.5,0.6,0.64,0.59,0.62,0.33,19,30,59,2,4,45,14,51,26,6,0
27,480,540,520,520,520,520,540,480,520,520,0.79,0.61,0.55,0.6,0.57,0.56,0.58,0.65,0.29,0.33,19,18,42,35,21,225,101,140,7,6,1
28,540,460,480,520,520,480,520,520,540,520,0.39,0.14,0.5,0.52,0.48,0.65,0.55,0.56,0.5,0.5,31,7,34,111,92,140,242,225,24,6,0
29,520,520,480,520,480,520,520,520,520,520,0.56,0.53,0.65,0.8,0.49,0.32,0.55,0.6,0.48,0.52,225,17,140,5,37,28,44,149,25,71,0
30,520,440,480,520,540,560,440,520,540,440,0.56,0.5,0.43,0.44,0.6,0.52,0.2,0.55,0.25,0.45,225,4,7,81,50,62,5,106,4,20,0
31,520,460,520,480,520,480,480,520,520,520,0.6,0.75,0.47,0.65,0.4,0.48,0.44,0.33,0.47,0.48,10,8,38,31,107,29,9,9,17,132,1
32,420,480,540,520,480,520,540,480,460,460,0.5,0.0,0.42,0.2,0.44,0.66,0.63,0.58,0.83,0.72,10,1,36,5,34,85,8,72,12,39,0
33,460,520,480,460,540,520,520,480,520,520,0.6,0.59,0.6,0.51,0.42,0.5,0.33,0.5,0.23,0.56,20,100,229,41,19,12,3,6,13,86,1
34,520,520,480,520,520,520,520,520,520,480,0.59,0.4,0.65,0.0,0.67,0.57,0.57,0.75,0.53,0.71,118,15,63,1,3,324,63,4,15,14,0
35,480,520,520,520,520,520,480,480,520,480,0.48,0.68,0.1,0.4,0.67,0.56,0.48,0.43,0.52,1.0,64,25,10,5,3,225,52,7,98,1,1
36,520,520,520,480,520,520,520,460,520,420,0.33,0.57,0.56,0.47,0.61,0.69,0.46,0.48,0.67,0.62,3,46,225,38,36,39,33,21,9,13,0
37,560,560,520,480,460,520,480,460,460,560,0.67,0.71,0.62,0.4,0.61,0.56,0.35,0.5,0.4,0.65,6,24,220,5,33,225,17,8,15,17,1
38,520,520,520,480,460,520,520,480,480,520,0.38,0.5,0.56,0.0,0.0,0.56,0.54,0.58,0.67,0.59,8,8,88,2,2,225,448,76,39,177,0
39,520,540,480,560,460,540,540,560,540,520,0.0,0.47,0.56,0.58,0.62,0.55,0.54,0.57,0.75,0.83,1,34,50,106,13,124,79,283,4,6,0
40,540,540,540,480,560,520,540,460,520,540,0.55,0.61,0.61,0.65,0.71,0.69,0.4,1.0,0.67,0.56,132,38,57,26,14,39,25,3,9,54,0
41,540,540,540,560,520,520,540,460,520,460,0.66,0.0,0.59,0.49,0.51,0.69,0.67,1.0,0.54,0.5,56,2,161,33,139,39,3,3,35,6,0
42,540,480,520,520,520,520,520,460,540,520,0.55,0.3,0.49,0.25,0.33,0.69,0.38,1.0,0.52,0.52,125,10,47,20,3,39,60,3,137,25,0
43,440,480,380,480,380,360,420,460,460,420,1.0,0.95,0.92,0.78,0.67,0.5,0.57,0.0,0.0,0.27,1,19,12,27,3,2,7,2,2,11,1
44,460,540,480,480,460,520,520,520,540,520,0.6,0.5,0.33,0.8,0.62,0.0,0.4,0.33,0.47,0.54,5,24,3,5,13,1,5,3,97,195,0
45,420,380,380,420,460,460,0,460,420,480,0.71,0.8,0.75,0.5,0.62,0.64,0.5,1.0,0.46,0.6,14,5,4,52,13,33,8,2,13,80,0
46,380,380,380,360,0,420,420,420,420,460,0.0,0.0,0.47,0.63,0.0,1.0,0.5,1.0,0.5,0.62,1,2,15,8,2,1,2,5,52,13,0
47,520,480,520,480,420,540,520,480,480,480,0.69,0.56,0.46,0.0,0.62,0.61,0.54,0.47,0.5,0.57,39,50,24,1,13,23,26,15,2,28,0
48,420,420,420,480,420,420,360,380,0,0,0.0,0.0,0.0,0.5,0.0,0.59,1.0,0.7,1.0,0.67,1,1,3,10,2,39,1,10,2,6,0
49,480,460,480,520,420,420,480,480,520,540,0.69,0.63,0.52,0.6,0.62,0.72,0.78,0.7,0.5,1.0,39,16,31,15,13,60,18,10,8,1,0
50,520,460,460,520,520,480,520,480,520,420,0.57,0.5,0.58,0.5,0.5,0.69,0.53,0.5,0.56,0.62,142,4,26,6,2,39,17,4,45,13,0
51,460,520,540,520,460,480,540,0,460,420,0.75,0.54,0.47,0.42,0.33,0.69,0.33,1.0,0.58,0.62,8,70,15,19,3,39,6,2,69,13,0
52,380,440,460,0,0,460,420,420,460,380,0.56,0.45,0.54,0.43,0.5,0.69,0.63,0.78,0.5,1.0,18,29,13,7,10,39,8,18,2,1,0
53,460,440,0,460,380,460,480,480,420,420,0.69,0.45,0.43,0.58,0.62,0.45,0.5,0.61,0.39,0.36,39,29,7,69,13,20,2,38,13,14,0
54,460,0,480,480,380,420,0,440,480,460,0.69,1.0,0.54,0.5,0.62,0.58,0.45,0.2,0.27,0.5,39,6,243,2,13,12,20,10,11,6,0
55,360,320,360,360,0,320,0,360,0,0,0.55,0.62,1.0,0.46,0.5,0.43,0.4,0.33,0.0,0.0,40,66,1,11,2,14,5,3,1,1,0
56,360,320,380,320,360,380,320,320,380,340,0.47,1.0,1.0,0.5,0.41,0.5,0.55,0.0,0.57,0.0,15,1,5,2,17,4,20,2,62,3,1
57,420,340,420,340,420,340,320,360,420,320,0.56,0.53,0.6,0.49,0.54,0.49,0.62,0.83,0.73,0.45,25,17,5,86,157,33,66,6,15,29,0
58,380,320,340,380,420,440,380,340,360,440,0.33,0.62,0.38,0.65,0.54,0.33,0.46,0.5,0.5,0.67,3,66,16,20,336,9,26,6,8,129,0
59,280,340,380,360,0,0,320,380,360,360,0.33,0.38,0.4,0.5,0.67,0.71,0.62,0.75,0.4,1.0,3,8,10,4,3,7,66,4,5,1,0
60,420,340,360,360,360,380,320,380,360,360,0.42,0.0,0.54,0.53,0.53,0.33,0.62,0.5,0.56,0.75,26,2,111,147,79,3,66,4,45,12,0
61,340,360,360,380,260,360,320,360,380,280,0.64,0.6,0.63,0.57,1.0,0.5,0.54,0.75,0.75,0.36,205,5,46,7,1,2,24,4,4,11,1
62,620,580,580,640,580,580,580,560,560,580,1.0,0.62,0.83,0.47,0.54,0.5,0.5,0.33,0.5,0.17,1,141,6,43,82,2,12,3,8,6,1
63,560,560,620,620,580,580,580,520,580,560,0.5,0.0,0.27,0.46,0.53,0.58,0.67,0.63,1.0,0.53,4,1,11,13,117,316,6,38,1,369,0
64,560,580,620,580,580,560,620,580,580,580,0.57,0.52,0.52,0.71,0.3,1.0,0.52,0.43,0.56,0.5,28,229,23,14,10,1,23,7,9,2,0
65,560,560,560,560,460,560,580,480,480,560,0.0,0.5,0.63,0.17,0.68,0.5,0.58,0.61,0.86,0.55,1,103,32,6,60,2,316,38,7,47,0
66,0,460,460,560,0,560,420,0,460,420,0.0,0.63,0.0,0.0,0.5,0.72,0.57,0.5,0.76,0.67,1,40,2,1,2,36,7,4,41,9,0
67,580,640,640,580,560,520,620,580,640,560,0.62,0.66,0.63,0.33,0.42,0.59,0.56,0.29,0.0,0.5,314,116,16,6,12,39,591,7,1,2,1
68,520,420,580,520,620,0,540,560,440,520,0.56,0.5,0.67,0.67,0.58,1.0,0.5,1.0,0.4,0.5,16,2,6,3,59,1,2,1,10,2,0
69,560,580,540,520,580,520,580,560,0,560,0.5,0.35,0.6,0.5,0.63,0.6,0.59,0.59,1.0,1.0,4,23,121,8,32,52,44,49,1,1,0
70,540,520,580,560,560,480,480,520,560,540,0.2,0.63,0.0,0.0,0.57,0.73,0.55,0.5,0.48,0.42,5,8,1,1,51,30,11,4,96,26,0
71,520,560,480,540,560,560,560,540,540,540,0.72,0.57,1.0,0.5,0.6,0.0,0.0,0.5,0.31,0.51,36,7,1,22,138,1,1,26,16,111,0
72,520,540,520,480,420,520,540,480,520,540,0.41,0.5,0.49,0.67,0.5,1.0,0.57,0.7,0.54,0.67,51,2,37,9,4,1,173,10,48,6,0
73,540,480,540,540,480,520,520,480,520,520,1.0,0.67,0.5,0.58,0.53,0.54,0.71,0.7,0.5,0.5,2,3,26,111,51,132,7,10,8,2,1
74,420,540,520,540,520,0,460,540,520,480,0.72,0.57,1.0,0.54,0.6,0.25,0.33,0.45,0.33,0.0,60,241,1,52,62,4,3,20,3,1,1
75,560,460,520,520,520,480,520,480,520,520,0.5,0.0,0.58,0.52,0.6,0.7,0.61,0.78,0.5,0.59,8,2,363,95,10,10,92,9,8,82,0
76,480,560,560,620,560,560,560,560,480,620,0.62,0.57,0.46,0.61,0.6,0.42,0.5,0.4,0.5,0.61,52,68,11,66,201,19,2,10,8,93,1
77,560,420,560,540,0,440,520,460,480,580,0.0,0.22,0.48,0.46,0.0,0.71,1.0,0.75,0.5,0.48,1,9,58,22,2,31,3,8,8,52,0
78,620,580,580,620,560,0,620,580,620,620,0.51,0.5,0.42,0.53,0.25,0.75,0.56,0.62,0.62,0.54,43,14,12,130,8,16,591,66,140,193,0
79,620,540,560,560,560,560,620,560,560,540,0.44,0.51,0.38,0.58,0.54,0.5,0.42,0.5,0.6,1.0,23,114,8,173,13,32,19,2,5,2,0
80,580,580,620,580,580,580,460,580,560,560,1.0,0.69,1.0,0.5,0.5,0.57,0.25,0.54,0.0,0.55,2,71,1,2,2,209,4,785,1,11,1
81,560,560,540,520,560,520,480,560,460,480,0.5,0.64,0.75,0.75,0.69,0.61,0.75,0.68,0.67,0.46,32,61,4,4,13,77,8,19,3,11,1
82,460,520,420,460,520,540,420,420,0,540,0.9,0.73,0.59,1.0,1.0,0.75,0.6,0.0,0.5,0.0,10,41,17,8,1,8,10,2,2,2,0
83,580,580,560,520,580,520,580,480,460,580,0.89,1.0,0.71,0.61,0.4,0.6,0.6,0.33,0.75,0.68,9,6,7,46,10,10,284,3,4,62,1
84,520,560,460,580,540,520,580,460,660,640,1.0,0.64,0.5,0.5,0.63,0.81,0.5,0.25,0.57,0.0,3,61,2,2,16,21,4,4,44,1,1
85,540,0,480,480,580,520,520,460,460,560,0.43,0.33,0.0,0.25,0.55,1.0,0.71,0.7,0.71,0.5,7,3,2,4,262,5,7,10,42,10,0
86,560,560,560,580,520,520,580,480,520,680,1.0,0.43,0.5,0.5,0.5,0.71,0.61,0.25,0.73,0.52,5,7,4,4,2,14,44,4,41,29,1
87,580,700,460,660,660,660,560,640,560,620,0.73,0.57,0.25,0.5,0.72,0.46,0.6,0.46,0.0,0.51,11,594,4,12,36,11,48,26,1,55,0
88,520,580,640,520,480,580,560,560,460,660,0.83,1.0,0.71,0.7,0.56,0.33,0.62,0.52,0.75,0.54,6,2,51,10,9,3,21,25,4,288,1
89,480,580,560,580,580,580,580,540,460,580,0.5,0.5,0.48,0.58,0.5,0.6,0.57,0.69,0.83,0.47,4,2,21,404,2,5,105,36,6,51,0
90,480,560,480,480,0,560,520,560,460,520,0.6,0.6,0.56,0.67,0.56,0.49,0.43,0.48,0.0,0.43,5,10,9,9,18,165,7,46,1,40,1
91,620,580,0,580,580,620,580,620,460,580,0.62,0.45,0.0,0.42,0.5,0.53,0.61,0.6,1.0,0.5,53,42,1,12,26,296,94,393,8,10,0
92,480,460,0,480,520,560,480,480,420,520,0.0,0.6,0.0,0.67,0.0,0.56,0.57,1.0,1.0,0.75,1,5,1,3,1,79,7,1,8,4,0
93,480,520,560,420,560,540,560,460,540,560,0.81,0.53,0.58,0.83,0.55,0.29,0.0,0.74,0.51,0.4,21,15,73,6,299,7,4,27,41,5,0
94,560,480,420,580,520,520,580,420,520,420,0.25,0.69,0.85,0.61,0.64,0.62,0.71,0.75,0.82,1.0,4,16,13,33,22,52,31,4,17,1,0
95,420,520,520,540,480,480,560,540,420,540,0.69,0.75,0.56,0.25,0.71,0.0,0.67,0.0,0.83,0.62,13,12,39,4,14,1,6,1,6,13,1
96,520,0,560,480,480,560,420,520,380,520,0.66,0.8,0.67,0.5,0.0,0.8,0.57,0.4,1.0,0.5,35,5,3,4,1,71,7,5,8,2,0
97,480,560,520,380,540,540,620,560,540,540,1.0,0.55,0.57,0.75,0.5,0.28,0.25,0.4,0.59,0.67,2,38,7,4,4,18,4,40,201,3,0
98,460,380,380,380,460,0,380,380,0,520,0.63,0.46,0.71,0.0,0.71,0.88,0.8,1.0,0.56,0.58,46,44,7,1,49,17,5,10,45,150,0
99,0,420,380,380,540,560,420,0,560,480,0.57,0.78,1.0,1.0,0.85,0.57,0.48,0.0,0.41,0.63,14,23,2,1,13,7,42,1,17,24,0
100,460,0,460,420,0,460,420,420,360,460,0.0,0.0,0.4,0.69,0.5,1.0,0.66,0.72,1.0,0.45,2,1,5,32,4,1,65,18,8,38,0
101,520,520,360,460,440,480,440,560,360,480,0.46,0.65,0.5,0.73,0.0,0.56,0.73,0.6,0.75,0.67,13,17,2,26,4,18,11,25,4,46,0
102,380,480,360,0,440,0,380,0,0,420,0.65,0.86,1.0,0.75,0.67,0.6,0.2,0.43,0.8,0.0,17,22,1,4,3,5,5,7,10,1,0
103,380,380,440,420,480,360,0,420,0,0,0.36,0.7,0.14,0.29,0.54,0.65,1.0,0.5,1.0,0.5,11,20,7,7,366,17,7,2,8,16,0
104,340,380,420,0,0,0,420,360,380,360,0.5,0.33,0.5,0.0,0.0,0.5,0.69,0.5,0.67,0.69,2,3,2,1,1,2,32,2,9,16,0
105,520,520,520,460,520,480,480,520,520,540,0.64,0.57,0.63,0.75,0.88,0.43,0.6,0.33,0.33,0.5,25,37,217,4,8,7,78,6,3,42,1
106,520,520,520,480,520,520,480,520,520,480,0.76,0.43,0.56,0.74,0.25,0.46,0.6,0.6,0.44,0.6,21,7,50,216,4,70,78,5,18,90,1
107,480,480,520,520,480,520,480,520,520,520,0.4,0.6,0.47,0.73,0.6,0.71,0.56,0.67,0.51,0.32,20,78,17,22,90,7,73,3,80,28,0
108,480,440,520,540,440,420,520,520,560,440,0.33,0.63,0.65,0.63,1.0,0.54,0.46,0.25,0.5,0.5,3,116,112,16,2,35,11,8,20,2,1
109,480,460,520,540,420,420,520,480,480,480,0.56,0.55,0.5,0.64,0.61,0.5,0.86,0.4,0.6,0.4,79,338,2,11,36,2,14,5,97,15,0
110,540,440,420,460,520,420,540,460,440,480,0.61,0.8,0.52,0.32,0.0,0.64,0.86,0.67,0.5,0.56,248,5,75,19,2,11,14,3,2,107,0
111,520,460,460,460,480,420,520,420,480,520,0.43,0.63,0.36,0.58,0.66,0.44,0.33,0.36,0.5,0.29,7,41,14,261,35,9,9,11,28,7,1
112,520,520,520,440,540,420,520,520,520,520,0.53,0.42,0.63,0.64,0.64,0.36,0.33,0.43,0.33,0.57,17,26,8,67,58,11,9,21,9,7,1
113,460,540,560,460,560,520,540,560,520,460,0.5,0.86,0.67,0.59,0.56,0.68,0.51,0.65,0.67,0.54,2,14,99,265,64,59,43,72,3,84,0
114,460,560,520,560,440,520,540,520,520,520,0.5,0.74,0.67,0.63,1.0,0.45,0.33,0.67,0.52,0.25,2,19,6,8,2,60,9,6,29,4,1
115,540,540,520,520,520,480,520,520,520,520,0.4,0.33,0.53,0.76,0.62,0.67,0.49,0.64,0.67,0.36,5,9,19,25,13,6,35,164,12,33,0
116,540,540,520,520,540,540,540,540,540,540,0.67,0.61,0.56,0.52,0.5,0.71,0.5,0.62,1.0,0.5,18,66,18,453,6,7,8,13,5,10,0
117,520,540,480,520,520,520,520,520,540,520,0.63,0.86,0.6,0.56,0.56,0.46,0.25,0.58,0.64,0.49,16,14,88,54,18,13,8,12,164,198,0
118,540,540,480,520,520,520,540,480,540,480,0.25,0.33,0.25,0.48,0.53,0.6,0.57,0.52,0.61,0.63,4,3,12,25,135,72,14,371,31,138,0
119,480,440,540,520,0,540,440,540,480,460,0.67,0.5,1.0,0.53,1.0,0.6,0.64,0.64,0.67,0.0,3,10,1,47,1,47,14,11,12,3,1
120,540,440,480,420,540,540,480,540,520,520,0.46,0.64,0.38,0.33,0.2,0.58,0.56,0.65,0.67,0.6,11,14,21,6,15,104,16,17,3,10,0
121,540,440,520,480,540,520,520,520,480,520,0.6,0.64,0.55,0.6,0.64,0.43,0.5,0.43,0.0,0.5,47,14,29,55,233,14,8,37,1,311,0
122,540,440,520,480,540,480,520,520,520,520,0.46,0.64,0.58,0.5,0.6,0.5,0.0,0.58,0.32,0.59,11,14,24,38,105,22,1,24,19,126,0
123,540,420,460,420,460,540,440,440,460,440,0.67,0.44,0.4,0.0,0.0,0.46,0.64,0.57,0.68,1.0,3,16,88,1,1,11,14,63,25,2,0
124,520,520,480,520,520,460,520,560,520,480,0.53,0.48,0.0,0.71,0.58,0.67,0.67,0.49,0.57,0.57,187,93,1,28,26,3,58,348,54,30,0
125,540,520,520,520,540,540,520,520,520,520,0.65,0.86,0.67,0.5,0.62,0.58,0.5,0.2,0.0,0.4,23,14,3,10,52,87,2,10,2,5,0
126,540,520,520,520,520,520,0,520,460,520,0.42,0.86,0.5,0.4,1.0,0.5,0.6,0.56,0.58,0.53,12,14,2,5,2,4,5,183,33,38,0
127,520,520,460,560,520,520,520,520,520,560,0.55,0.62,0.48,0.71,0.68,0.2,0.86,0.47,0.4,0.56,104,98,40,21,41,15,14,38,5,18,0
128,520,520,480,520,520,540,520,520,520,520,0.0,0.33,0.43,0.5,0.6,0.46,0.33,0.56,0.67,0.75,2,12,7,60,48,35,9,16,30,12,0
129,520,520,520,520,480,520,520,0,480,480,0.5,0.47,0.64,0.25,0.67,0.6,0.5,0.0,0.54,0.0,2,163,11,4,12,47,8,2,127,2,1
130,480,520,520,480,480,520,520,520,520,520,0.0,0.4,0.6,0.67,0.6,0.6,0.54,0.58,0.4,0.69,2,20,53,12,5,47,28,12,5,13,0
131,520,520,460,520,520,520,480,520,520,520,0.33,0.48,0.25,0.56,0.51,0.6,0.54,0.51,0.5,0.63,3,98,4,34,243,47,101,129,12,8,0
132,540,520,520,460,480,520,520,540,460,520,0.45,1.0,0.9,0.53,1.0,0.5,0.62,0.46,0.57,0.3,49,1,10,120,1,18,34,11,105,20,0
133,520,520,520,540,460,520,520,480,520,520,0.53,0.86,0.55,0.43,0.0,0.67,0.67,0.68,0.57,0.46,17,14,106,7,1,6,46,44,37,131,0
134,460,480,480,540,520,520,520,520,540,460,0.43,0.41,0.0,0.38,0.57,0.49,0.86,0.55,0.75,1.0,7,17,3,8,63,33,14,33,4,1,0
135,540,520,480,480,480,520,520,520,520,540,0.64,0.75,0.53,0.75,0.51,0.4,0.57,0.75,0.56,0.5,44,8,256,12,109,5,7,16,41,74,1
136,540,520,480,520,520,520,520,520,520,520,0.64,0.56,0.67,0.55,0.51,0.3,0.67,0.55,0.72,0.33,44,120,36,53,37,10,9,312,18,9,1
137,540,520,520,480,540,520,540,520,540,540,0.83,0.57,0.51,0.7,0.5,0.56,0.5,0.64,0.54,0.55,6,7,41,20,34,48,18,11,80,190,0
138,460,440,460,460,440,460,460,460,460,460,0.63,0.0,0.55,0.65,0.65,0.5,0.46,0.44,0.44,0.6,339,1,33,20,17,18,89,9,9,5,0
139,460,460,440,460,460,460,460,440,440,520,0.75,0.55,0.65,0.5,0.5,0.55,0.55,0.88,0.67,0.6,8,67,86,2,2,40,338,49,6,15,0
140,440,460,460,460,460,460,380,480,460,460,0.67,0.55,0.55,0.58,0.53,0.64,0.67,0.33,0.5,0.5,21,338,67,19,238,11,9,6,8,24,0
141,460,460,460,460,440,460,460,440,460,460,0.51,0.46,0.55,0.51,0.54,0.5,0.64,0.43,0.49,0.57,95,89,417,180,35,2,11,7,35,42,0
142,420,460,460,440,460,460,440,460,460,440,0.36,0.55,0.33,0.43,0.64,0.31,0.55,0.75,0.5,0.33,14,338,3,44,78,16,176,4,2,6,0
143,440,440,460,420,440,440,460,440,460,440,0.53,0.17,0.46,0.5,0.32,0.33,0.55,0.75,0.49,0.56,17,12,22,4,19,3,338,8,174,228,0
144,580,640,580,580,580,620,580,620,640,580,0.14,0.56,0.56,0.51,0.52,0.5,0.5,0.53,0.56,0.53,7,18,406,74,31,2,4,178,16,45,0
145,620,580,640,640,560,620,620,580,560,580,0.5,0.67,0.5,0.55,0.5,0.56,0.39,0.59,0.33,0.47,108,3,8,55,34,84,13,61,3,17,0
146,580,580,580,560,580,560,620,620,580,580,0.54,0.5,0.61,0.6,1.0,0.5,0.0,0.56,0.58,0.43,220,4,31,15,4,8,4,25,40,7,0
147,620,580,560,620,560,620,620,580,580,620,0.0,0.6,0.55,0.39,0.69,0.47,0.59,0.51,0.52,0.56,3,286,40,70,16,15,82,69,21,59,0
148,580,580,580,580,580,580,620,620,580,580,0.58,0.64,0.54,0.54,0.36,1.0,0.67,0.67,0.47,0.61,191,215,28,37,14,1,6,3,105,54,0
149,580,580,620,620,620,620,620,640,580,620,0.73,0.59,0.75,0.67,0.5,0.46,0.53,0.65,0.54,0.55,56,66,4,127,30,11,856,26,37,311,1
150,620,580,620,580,620,620,620,580,580,640,0.5,0.65,0.33,0.54,0.53,0.62,0.44,0.65,0.0,0.63,40,17,3,37,139,52,9,109,1,92,0
151,580,620,580,580,620,580,620,580,620,580,0.4,0.5,0.57,1.0,0.47,0.52,0.43,0.5,0.58,0.0,5,8,126,2,19,128,7,2,76,3,0
152,620,560,560,580,580,580,580,580,560,560,0.65,0.72,0.25,0.54,0.58,0.52,0.49,0.55,0.75,0.63,52,25,8,37,62,128,219,637,8,51,0
153,460,460,620,580,580,560,560,580,580,580,0.6,0.0,0.49,0.33,0.57,0.59,0.65,1.0,0.58,0.57,5,1,75,6,7,17,31,7,12,89,0
154,580,580,580,580,640,580,640,620,580,620,1.0,0.65,0.5,0.47,0.63,0.33,0.41,0.54,0.0,0.61,5,37,4,38,48,3,73,241,2,183,1
155,580,580,580,560,580,580,580,560,580,620,0.5,0.0,0.25,0.46,0.53,0.75,1.0,0.51,0.53,0.51,16,1,16,13,89,12,3,299,34,172,0
156,580,560,560,540,620,620,580,580,580,560,0.6,0.6,0.53,0.38,0.58,0.38,0.59,0.51,0.54,0.58,5,50,79,42,26,8,106,299,37,154,0
157,560,560,560,580,580,620,580,560,580,580,1.0,0.56,0.75,0.54,0.52,0.0,0.64,0.59,0.5,0.25,1,9,4,37,103,3,77,41,2,4,0
158,580,560,560,560,580,580,580,560,580,580,0.43,0.67,0.56,1.0,0.6,0.57,0.0,0.0,0.38,0.56,7,3,64,3,326,7,1,4,21,18,1
159,560,580,580,580,560,560,580,580,580,580,0.53,0.71,0.6,0.37,0.5,0.5,0.46,0.53,1.0,0.55,531,44,114,19,18,26,56,219,2,200,0
160,580,580,580,620,580,620,640,580,580,620,0.63,0.4,0.62,0.65,0.38,0.56,0.48,0.5,0.56,0.6,139,15,37,17,16,144,257,2,25,109,0
161,580,560,620,620,580,560,580,560,560,560,0.58,0.57,0.55,0.56,0.64,0.57,0.4,0.67,0.56,0.56,201,293,290,59,11,319,15,43,25,72,1
162,560,580,560,0,540,580,560,580,540,560,0.5,0.54,0.47,0.0,0.18,0.52,0.64,0.63,0.83,0.5,20,39,49,2,11,42,11,27,6,6,0
163,560,580,580,540,560,580,0,560,580,620,0.25,0.54,0.67,0.5,0.59,0.0,0.41,0.56,0.82,0.6,8,79,3,4,22,1,17,27,11,5,0
164,620,580,580,620,560,580,580,580,580,640,0.53,0.4,0.9,0.53,0.0,0.25,0.63,1.0,0.62,0.51,139,15,10,107,1,4,19,1,13,165,0
165,580,580,620,620,580,560,580,580,560,580,0.56,0.46,0.53,0.53,0.5,0.64,0.4,0.6,0.4,0.61,345,13,19,107,6,63,15,5,15,36,1
166,620,580,580,580,620,580,620,580,640,580,0.41,0.54,0.8,0.47,0.58,0.53,0.54,0.5,0.44,0.57,22,79,5,19,12,1137,13,8,36,14,0
167,580,620,580,620,580,560,580,620,640,580,0.3,0.64,0.2,0.57,0.5,0.0,0.4,0.0,0.48,0.54,10,78,5,62,4,1,15,1,214,365,1
168,560,620,560,560,580,620,580,640,580,620,0.61,0.0,0.51,0.4,0.8,0.61,0.4,0.54,0.61,0.52,117,1,43,5,5,84,15,41,148,23,0
169,560,560,560,560,560,580,560,540,540,560,0.22,0.0,0.55,0.71,0.39,0.62,0.4,0.48,0.47,0.58,9,3,65,14,13,21,15,46,38,19,0
170,540,540,540,420,540,540,560,0,540,560,0.33,0.46,0.51,0.57,0.6,0.56,0.4,1.0,0.31,0.52,3,66,168,7,10,73,15,4,16,365,0
171,580,560,540,560,560,580,560,580,580,560,0.25,0.0,0.58,0.42,0.53,0.48,0.58,0.56,0.56,0.0,4,1,50,31,68,29,388,9,298,2,0
172,460,460,460,440,460,460,460,460,480,520,0.61,0.88,0.19,0.63,0.56,0.0,0.55,0.42,0.4,0.67,110,8,16,8,34,2,22,12,5,3,1
173,460,480,460,480,460,520,460,480,480,520,0.38,0.57,0.39,0.56,0.57,0.62,0.52,0.58,0.53,0.5,16,124,18,72,108,143,42,142,318,8,0
174,480,460,420,460,460,460,460,480,460,440,0.61,0.5,0.74,0.58,0.48,0.5,0.17,0.53,0.25,0.33,82,10,34,12,87,8,12,30,4,3,1
175,460,460,460,460,520,460,520,480,460,460,0.53,0.33,0.5,0.29,0.52,0.56,0.17,0.58,0.44,0.6,36,12,2,7,63,151,6,12,34,5,0
176,480,460,420,520,480,440,460,520,480,460,0.59,0.53,0.43,0.62,0.48,0.0,0.52,0.0,0.0,0.62,22,15,14,29,40,1,21,2,1,140,1
177,460,460,460,480,460,480,480,460,460,480,0.5,0.5,0.52,0.5,0.0,0.47,0.5,0.71,0.75,0.55,6,8,29,64,3,36,2,7,8,240,0
178,460,440,440,460,460,460,460,460,440,440,0.36,0.51,0.49,0.4,0.67,0.33,0.66,0.57,0.8,1.0,14,63,115,5,18,12,74,7,10,4,0
179,460,460,440,460,440,480,460,460,460,460,0.46,0.51,0.5,0.29,0.3,0.56,0.67,0.52,0.82,0.53,55,109,8,17,10,142,24,29,11,81,0
180,420,460,480,460,460,460,460,460,460,480,0.71,0.75,0.62,0.8,0.62,0.65,0.65,0.52,0.33,0.0,17,8,26,5,140,149,26,77,6,1,0
181,440,440,460,460,460,420,420,420,480,440,0.55,0.67,0.54,0.25,0.64,0.4,0.55,0.0,0.4,0.0,11,9,166,4,22,10,11,2,20,2,0
182,440,420,460,460,460,480,420,520,460,460,0.67,0.6,0.52,0.33,0.62,0.7,0.22,0.63,0.56,0.71,15,5,29,15,142,20,9,91,77,17,0
183,440,440,460,480,460,440,420,380,460,420,0.4,0.56,0.14,0.25,0.75,1.0,0.6,0.65,0.59,0.75,5,27,7,4,4,1,10,26,17,4,0
184,460,460,460,460,460,460,440,460,460,460,1.0,0.66,0.52,0.5,0.55,0.49,0.48,0.71,0.8,0.54,1,89,29,14,64,220,25,7,5,37,0
185,460,420,540,460,440,460,460,460,0,420,0.49,0.64,1.0,0.72,0.57,0.5,0.38,0.55,0.6,0.31,74,11,2,25,108,6,8,42,5,16,1
186,420,520,420,480,440,420,440,460,440,460,0.64,0.44,0.2,0.42,0.43,0.29,0.57,0.52,0.63,0.61,11,41,5,41,49,7,47,21,19,183,1
187,520,480,520,520,460,520,460,480,520,480,0.14,0.58,0.46,0.53,0.63,0.83,0.52,0.82,0.4,0.63,7,52,24,45,30,12,21,11,25,8,0
188,480,420,460,520,480,480,460,460,460,460,0.68,0.55,0.67,0.54,1.0,0.2,0.63,0.52,0.5,0.63,28,38,6,13,1,5,16,29,2,8,1
189,420,420,440,440,440,420,440,460,420,440,0.29,0.64,0.52,0.55,0.35,0.61,0.48,0.52,0.44,0.67,7,33,58,11,23,61,21,29,23,3,0
190,420,440,440,460,480,440,420,460,460,460,0.6,0.57,0.0,0.55,0.57,1.0,0.7,0.55,0.75,0.6,15,166,1,69,42,3,10,42,8,10,0
191,480,460,460,420,460,520,460,440,460,460,0.57,0.64,0.0,0.41,0.48,0.4,0.53,0.52,0.5,0.7,21,36,1,29,54,52,17,148,14,20,0
192,460,460,440,460,440,440,460,460,460,460,0.38,0.78,0.5,0.67,0.67,0.56,0.44,0.43,0.83,0.49,8,9,6,3,9,207,25,7,6,185,0
193,440,440,440,440,440,440,460,460,380,480,0.57,0.59,0.57,0.52,0.62,0.6,0.55,0.52,0.55,0.57,7,39,317,58,89,73,11,29,11,150,0
194,440,460,440,440,480,460,440,480,520,420,0.52,0.33,0.52,0.54,1.0,0.44,0.61,0.5,0.29,0.5,50,9,29,136,8,9,33,32,14,4,0
195,580,640,640,620,680,680,660,680,640,620,0.47,0.7,0.33,1.0,0.62,0.55,0.0,0.36,0.38,0.5,15,37,12,1,13,31,2,14,16,4,1
196,680,640,680,680,660,640,700,660,700,660,0.55,0.75,0.17,0.43,0.33,0.57,0.53,0.54,0.68,0.51,31,4,6,7,3,126,34,218,106,135,0
197,680,660,660,680,660,660,680,680,680,680,0.59,0.5,0.42,0.56,0.39,0.58,0.67,0.71,0.57,0.5,81,8,53,166,18,430,54,7,23,20,0
198,660,680,580,660,580,680,660,680,680,660,0.58,0.59,0.22,0.57,0.5,0.56,0.5,0.55,0.57,0.5,430,17,9,107,2,32,8,126,23,26,0
199,660,520,680,580,580,660,660,680,680,680,0.29,0.67,0.48,0.33,0.0,0.5,0.6,0.59,0.71,0.55,7,3,88,18,1,101,264,27,14,130,0
200,680,580,680,660,640,660,660,660,680,620,0.59,0.5,0.52,0.63,0.77,0.57,0.5,0.57,0.68,0.89,81,2,448,30,34,75,8,21,68,9,0
201,680,580,560,660,680,660,680,680,620,580,0.55,0.5,0.83,0.65,0.53,0.33,0.67,0.25,0.17,0.67,126,2,6,46,346,3,3,8,6,3,0
202,680,680,660,580,580,580,580,640,660,620,0.59,0.86,0.53,0.67,0.46,0.67,0.33,0.65,0.7,0.0,81,7,17,48,13,3,3,77,10,4,0
203,660,700,700,680,680,680,680,680,660,700,0.67,0.46,0.67,0.61,0.49,0.35,0.46,0.55,0.7,0.48,9,24,12,217,51,34,44,168,27,50,1
204,680,660,660,680,680,660,660,680,680,660,0.33,0.56,0.54,0.74,0.55,1.0,0.56,0.62,0.61,0.63,6,91,433,39,603,1,210,69,217,16,0
205,680,580,680,580,660,660,680,680,640,680,0.33,0.0,0.0,0.67,0.67,0.6,0.58,0.59,0.57,0.5,6,1,1,3,3,10,24,81,14,2,0
206,680,660,680,660,660,680,680,680,680,680,0.43,0.33,0.33,0.57,0.52,0.62,0.62,0.53,0.67,0.41,7,3,6,23,50,81,79,120,3,87,0
207,680,680,660,580,680,680,680,660,680,680,0.66,0.58,0.6,0.55,0.67,0.59,0.56,0.57,0.5,0.57,203,536,15,66,45,81,43,14,12,392,1
208,680,680,700,800,700,680,580,680,700,580,0.55,0.33,0.43,0.7,0.64,0.56,0.81,0.56,0.55,0.7,126,3,7,30,42,25,32,360,69,10,0
209,580,680,700,680,660,680,660,680,800,640,0.67,0.52,0.57,0.5,0.5,0.59,1.0,0.56,0.6,0.63,12,178,99,38,4,81,6,360,5,8,0
210,660,620,620,620,660,680,680,680,680,700,0.0,0.68,0.77,0.57,0.72,0.59,0.75,0.41,0.53,0.55,1,31,172,14,29,81,8,34,114,101,0
211,620,620,580,580,580,680,640,580,640,580,0.78,0.42,0.59,0.57,0.5,0.55,0.57,0.67,0.59,0.63,9,31,39,83,8,31,14,57,171,27,0
212,660,660,660,640,660,680,680,620,660,660,0.5,0.61,0.64,0.5,0.72,0.5,0.57,0.3,0.52,0.57,101,33,11,2,29,14,165,10,110,122,1
213,680,680,660,680,660,660,680,680,660,660,0.59,0.53,0.64,0.54,0.65,0.42,0.54,0.58,0.33,0.67,81,151,11,139,43,24,56,177,12,6,0
214,700,660,660,640,680,660,680,660,660,640,0.62,0.62,0.54,0.5,0.58,0.59,0.54,0.54,0.54,0.61,109,42,46,6,439,81,78,218,83,41,0
215,660,660,660,620,640,640,700,680,660,660,0.59,0.58,0.47,0.46,0.61,0.25,0.57,0.64,0.27,0.0,81,1037,71,11,41,4,23,116,11,1,0
216,660,660,660,660,620,660,660,660,660,660,0.54,0.52,0.57,0.61,0.67,0.61,0.5,0.59,0.65,0.59,109,91,7,197,6,28,22,177,100,341,0
217,660,620,660,660,620,580,660,660,640,660,0.52,1.0,0.5,0.63,0.65,0.54,0.54,0.4,0.75,0.56,27,1,18,8,43,233,260,15,8,9,0
218,660,640,620,660,620,620,620,560,580,580,0.61,0.31,0.65,0.67,0.59,0.56,0.59,0.33,0.0,0.0,28,13,77,12,254,925,22,6,1,3,0
219,660,660,660,640,640,660,660,660,640,680,0.48,0.56,0.44,0.62,0.54,0.55,0.67,0.5,0.59,0.54,84,25,16,21,452,126,3,2,81,133,0
220,660,660,640,640,640,640,640,680,660,660,0.62,0.65,0.77,0.59,0.5,0.55,0.56,0.0,0.36,0.25,81,173,31,81,24,40,185,3,11,4,0
221,640,620,660,640,580,660,660,660,640,660,0.59,0.71,0.44,0.62,0.55,0.67,0.47,0.55,0.56,0.0,81,24,16,21,60,6,17,401,402,1,0
222,640,640,660,660,640,660,640,680,660,640,0.59,0.56,0.4,0.46,0.6,0.55,0.55,0.63,0.0,0.36,81,80,15,11,5,532,31,19,1,11,0
223,460,460,460,460,460,480,460,520,480,460,0.52,0.38,0.48,0.54,0.64,0.53,0.6,0.0,0.22,0.6,27,42,94,265,11,307,166,1,9,93,1
224,480,460,380,460,460,420,460,540,460,460,0.6,0.56,0.79,0.45,0.63,0.5,0.25,0.58,0.55,0.57,82,16,33,86,8,6,4,113,496,7,0
225,460,460,460,440,460,460,460,460,460,460,0.5,0.74,0.14,0.59,0.6,1.0,0.53,0.47,0.56,0.63,8,31,7,29,93,3,45,34,188,112,0
226,420,420,440,460,460,440,440,420,380,440,0.71,0.2,0.0,0.56,0.6,0.65,0.8,0.25,0.6,0.6,7,5,1,9,93,37,5,4,5,20,0
227,440,460,460,380,460,440,440,460,460,420,0.56,0.46,0.75,0.56,0.6,0.49,0.6,0.4,0.5,0.53,25,22,4,9,93,39,65,5,2,19,0
228,440,440,480,460,440,460,480,460,420,520,0.0,0.5,0.61,0.25,0.0,0.55,0.4,0.74,0.63,0.69,2,2,175,4,2,29,5,19,8,35,0
229,440,420,440,480,420,460,420,520,420,520,0.6,0.25,0.67,0.73,0.0,1.0,0.5,1.0,0.67,0.55,67,4,87,37,1,1,22,1,6,62,0
230,460,480,420,420,520,360,460,480,440,440,0.29,0.8,0.22,0.67,0.55,0.33,0.49,0.56,0.58,0.0,7,5,9,6,62,6,33,71,62,2,0
231,480,460,440,420,520,460,460,420,460,520,0.53,0.33,0.52,0.4,0.55,0.71,0.44,0.6,0.44,0.5,36,3,33,5,62,17,16,5,9,2,0
232,420,420,440,420,520,420,520,440,440,480,0.5,1.0,0.9,0.4,0.54,0.64,0.4,0.55,0.5,0.52,8,2,10,5,26,14,5,22,129,71,0
233,460,380,480,420,520,460,460,460,420,460,0.52,0.5,0.51,0.63,0.55,0.69,0.5,0.57,0.79,0.56,164,54,55,8,62,51,2,94,14,326,0
234,460,420,440,460,460,440,460,460,420,520,0.6,0.71,0.29,0.48,0.45,0.69,0.47,0.47,0.69,0.67,35,7,7,331,67,16,15,70,16,129,1
235,420,480,440,420,520,460,440,460,520,440,0.67,0.59,0.51,0.4,0.67,0.67,0.5,0.52,0.56,0.57,24,66,148,5,129,3,8,161,232,14,0
236,460,480,440,420,520,420,420,460,460,460,0.66,0.86,1.0,0.69,0.67,0.0,0.6,0.52,0.5,0.0,35,14,1,16,129,1,5,27,4,1,0
237,460,420,440,480,420,440,440,460,420,480,0.56,0.57,0.33,0.69,1.0,0.3,0.71,0.64,0.69,0.55,226,42,3,13,2,10,28,11,16,62,1
238,440,440,420,420,480,440,480,480,460,380,0.67,0.59,0.66,0.69,0.69,0.5,0.81,0.33,0.48,0.58,6,22,125,16,35,16,16,15,23,26,0
239,480,460,380,380,480,460,420,420,460,460,0.58,0.63,0.71,0.69,0.67,0.68,0.44,0.64,0.25,0.29,43,30,7,16,129,28,16,14,4,7,0
240,420,440,460,440,460,440,420,380,380,480,0.29,0.67,0.68,0.69,0.42,0.65,1.0,0.83,0.69,0.67,7,12,28,16,12,91,3,6,16,129,0
241,440,420,460,380,480,440,440,480,460,420,0.59,0.71,1.0,0.69,0.67,0.51,0.53,0.6,0.56,0.52,69,14,3,16,129,61,47,147,257,116,0
242,380,480,440,380,480,440,440,440,460,440,0.67,0.64,0.6,0.5,0.67,0.5,0.52,0.53,0.5,0.33,42,25,5,2,129,12,50,45,16,3,0
243,380,460,440,460,380,520,420,460,420,480,1.0,0.67,0.33,0.39,1.0,0.5,0.55,0.65,0.67,0.55,1,3,9,28,1,8,77,17,6,62,1
244,420,460,440,380,480,440,480,380,420,380,0.93,0.8,0.55,0.69,0.55,0.5,0.5,0.56,0.52,0.5,15,20,69,16,62,16,8,158,29,4,0
245,440,440,380,420,380,440,420,420,380,480,0.65,0.6,0.71,0.5,0.33,0.5,0.8,0.33,0.67,0.55,31,10,7,10,3,52,5,3,6,62,0
246,520,440,420,420,480,420,440,460,460,460,0.65,0.4,0.5,0.63,0.69,0.73,0.46,0.69,0.55,0.67,17,5,2,8,35,11,11,29,22,24,0
247,340,480,440,380,480,420,460,440,440,420,0.59,0.6,0.46,0.33,0.69,0.5,0.8,0.0,0.45,0.6,27,10,11,3,35,30,5,1,20,10,0
248,460,520,420,440,440,440,460,460,420,460,0.33,0.49,0.25,0.67,0.39,0.3,1.0,0.61,0.67,1.0,6,142,4,9,26,10,1,69,3,1,0
249,480,440,460,520,460,460,460,520,460,480,0.55,0.44,0.0,0.75,0.33,0.53,0.5,0.75,0.68,0.5,191,9,1,4,3,395,8,8,57,2,0
250,480,440,420,460,460,460,440,460,460,460,1.0,0.57,0.5,0.55,0.62,0.43,0.51,0.63,0.47,0.69,1,90,6,74,13,7,63,16,15,13,1
251,440,440,420,440,440,440,440,440,440,420,0.33,0.51,0.53,0.67,0.8,0.0,0.0,0.43,0.63,0.2,6,63,32,6,10,1,4,49,8,10,0
252,440,440,420,440,440,380,380,440,440,420,0.55,0.51,0.63,0.75,0.46,0.0,0.71,0.48,0.5,0.0,49,63,19,4,22,1,7,85,2,1,0
253,420,440,440,420,440,520,440,460,420,380,0.0,0.51,0.5,0.2,0.67,0.53,0.65,0.43,0.42,0.55,2,63,2,15,3,47,34,7,64,64,0
254,440,440,420,420,380,440,440,440,420,440,0.57,0.0,0.3,0.5,0.44,0.65,0.51,0.6,0.5,0.67,128,5,10,4,34,31,63,15,4,9,0
255,440,440,440,420,440,420,440,440,440,440,0.71,0.51,0.8,0.42,0.51,0.51,0.5,0.51,0.3,0.65,14,63,10,69,79,250,26,202,10,23,0
256,440,440,440,420,440,420,440,440,440,420,0.67,0.51,0.33,0.2,0.54,0.0,0.2,0.6,0.54,0.42,39,63,9,15,127,1,5,15,244,41,0
257,420,420,420,420,420,420,440,380,420,420,0.53,0.67,0.53,0.4,0.5,0.57,0.51,0.67,0.6,0.67,59,9,179,5,8,7,63,3,5,57,0
258,360,420,320,360,380,320,360,380,360,360,0.56,0.51,1.0,0.6,0.53,0.56,0.0,0.54,0.5,0.5,142,63,1,5,285,39,2,194,137,2,0
259,320,420,320,320,360,340,360,360,340,360,0.5,0.51,0.55,1.0,0.62,0.43,0.5,0.49,0.49,0.49,2,63,55,3,34,14,4,97,78,39,0
260,340,440,320,380,380,360,440,340,380,320,1.0,0.51,0.5,0.5,0.55,0.0,0.52,0.58,0.5,0.36,8,63,8,6,33,1,21,78,2,36,0
261,440,420,380,420,440,440,420,420,420,380,0.4,1.0,0.8,0.59,0.55,0.5,0.51,0.44,0.61,0.57,10,2,10,90,58,8,63,16,18,49,1
262,320,420,480,380,420,420,420,380,380,420,0.0,0.44,0.5,0.0,0.46,0.58,0.51,0.33,0.64,0.5,2,27,2,2,83,84,63,6,14,12,0
263,440,380,440,420,440,420,420,420,420,440,0.47,0.33,0.44,0.47,0.62,0.6,0.51,0.5,0.67,0.57,79,6,16,47,121,5,63,34,12,419,0
264,540,540,520,520,480,520,580,540,440,540,0.62,0.68,0.39,0.8,0.47,0.6,0.62,0.54,0.48,0.17,86,126,59,5,15,20,21,154,65,6,0
265,0,480,480,540,480,520,480,560,520,480,0.33,0.71,0.57,0.52,0.55,0.0,0.68,0.55,0.64,0.47,6,7,7,93,11,1,38,355,11,15,1
266,460,540,540,480,480,480,480,480,560,540,0.68,0.52,1.0,0.59,0.57,0.71,0.43,0.5,0.56,0.2,19,25,9,22,28,14,7,2,126,10,1
267,540,540,480,540,540,480,540,560,520,540,0.58,0.33,0.47,0.22,0.4,0.5,1.0,0.4,0.48,0.4,60,3,15,9,15,2,3,5,23,10,0
268,540,560,580,520,520,480,520,480,560,560,0.44,0.5,0.5,0.0,0.5,0.6,0.25,0.5,0.5,1.0,144,2,2,1,8,5,4,2,2,1,0
269,540,0,0,480,520,460,520,480,540,420,0.7,1.0,0.5,0.5,0.5,0.0,0.4,0.47,0.65,0.5,56,1,6,10,2,1,5,15,26,4,1
270,540,540,520,540,480,540,520,480,480,540,1.0,0.53,0.6,0.56,0.61,0.33,0.0,0.0,0.5,0.6,1,32,5,482,31,9,3,2,2,35,1
271,560,560,520,560,560,540,480,480,480,560,0.5,1.0,0.6,0.52,0.58,0.5,0.83,0.5,0.0,0.62,6,1,5,118,50,8,6,6,1,26,1
272,520,520,540,540,520,560,560,480,560,540,0.6,0.75,0.0,0.27,0.57,0.8,1.0,0.47,0.63,0.71,37,4,3,11,28,5,3,15,94,7,0
273,520,520,560,0,520,540,480,540,560,520,0.63,0.55,0.59,0.5,0.54,0.2,0.5,0.46,0.0,0.0,8,148,101,2,172,5,2,11,1,1,0
274,520,520,460,440,520,480,460,520,540,440,0.56,0.65,0.5,0.42,0.54,0.0,0.4,0.43,0.48,0.29,16,121,36,12,103,1,5,96,25,7,1
275,480,520,540,460,540,520,520,520,540,520,0.61,0.36,0.71,0.6,0.33,0.57,0.5,0.55,0.4,0.0,83,11,21,20,3,7,8,64,10,2,0
276,480,520,460,440,540,480,520,520,520,520,0.33,0.67,0.78,0.6,0.5,0.5,0.57,0.5,0.38,0.67,3,3,9,20,4,14,91,10,21,6,0
277,520,520,540,460,440,480,380,460,460,480,1.0,0.55,0.38,0.6,0.57,0.6,0.5,0.0,0.17,0.25,1,22,8,20,60,5,8,4,6,4,0
278,520,540,460,480,460,520,540,440,520,520,0.65,0.62,0.59,0.63,0.73,0.2,0.0,0.43,0.33,0.64,54,13,41,40,41,5,1,21,3,58,1
279,520,520,480,460,520,520,520,460,540,520,0.51,0.53,0.33,0.5,0.53,0.73,0.48,0.68,0.5,0.49,109,32,9,2,121,52,139,71,60,78,1
280,520,520,480,460,560,480,520,460,540,520,0.8,0.79,0.74,0.55,0.67,0.65,0.0,0.67,0.5,0.62,5,29,68,134,21,31,2,115,60,21,1
281,520,460,0,540,520,520,520,460,540,480,0.55,0.5,0.33,0.2,0.67,0.67,0.63,0.68,0.48,0.57,123,8,3,5,24,6,8,71,25,46,0
282,520,540,460,520,520,520,520,520,520,480,0.59,0.5,0.5,0.42,0.53,0.33,0.48,0.57,0.75,0.48,230,60,8,24,32,9,29,315,4,56,0
283,540,520,460,480,480,520,520,480,460,520,0.49,0.67,0.68,0.63,0.0,0.61,0.73,0.54,0.56,0.75,49,114,71,67,2,245,40,56,25,8,0
284,520,460,520,540,460,580,460,520,540,440,0.58,0.46,0.71,0.38,0.63,0.54,0.63,0.61,0.62,0.41,223,136,44,8,112,26,24,134,37,75,0
285,480,520,520,540,460,540,520,480,520,460,0.67,0.48,0.57,0.5,0.39,0.55,0.5,0.55,0.5,0.41,30,139,51,60,18,292,12,253,2,22,0
286,480,520,520,460,520,460,460,520,540,460,0.53,0.0,0.33,0.33,0.53,0.67,0.69,1.0,0.5,0.39,19,1,15,6,15,12,13,2,60,18,0
287,480,520,480,540,460,480,520,540,560,520,0.59,0.57,0.0,0.5,0.52,0.54,0.66,0.75,0.51,0.47,17,86,2,60,65,397,108,12,445,107,0
288,480,520,480,520,440,520,460,520,540,460,0.52,0.58,0.63,0.62,0.44,0.59,0.68,0.67,0.5,0.52,86,12,27,13,32,22,19,3,60,65,1
289,480,480,520,520,520,520,520,520,540,460,0.56,0.0,0.67,0.44,0.33,0.56,0.67,0.5,0.5,0.52,278,3,9,27,3,50,3,4,60,65,0
290,540,560,540,540,520,520,480,480,520,460,0.49,0.63,0.59,0.7,0.8,0.5,0.6,0.5,0.92,0.77,49,203,413,20,10,16,10,8,12,26,0
291,540,540,540,540,540,520,560,540,580,560,0.46,0.63,0.52,0.59,0.47,0.67,0.59,0.58,0.46,0.67,26,32,141,411,30,6,17,151,35,43,0
292,540,560,480,560,560,560,560,540,480,480,1.0,0.6,1.0,0.46,0.47,0.0,0.39,0.25,0.71,0.73,1,10,2,54,196,1,23,4,28,22,1
293,540,560,560,560,540,520,560,560,560,560,1.0,0.86,0.46,0.8,0.56,0.6,0.0,0.56,0.67,0.59,2,7,11,15,18,55,2,146,12,27,0
294,540,520,560,540,540,540,540,540,540,560,0.56,0.44,0.48,1.0,0.67,0.46,0.0,0.63,0.54,0.56,182,55,126,2,9,26,1,19,46,57,1
295,560,560,540,540,560,540,560,560,560,540,0.77,0.59,0.71,0.46,0.67,0.0,0.66,0.5,0.62,0.0,17,214,21,28,12,1,61,4,34,1,0
296,560,580,520,440,580,540,520,520,560,540,0.53,0.47,0.66,0.48,0.73,0.49,0.0,0.46,0.5,0.44,49,17,32,65,30,49,1,11,28,16,1
297,540,520,540,560,540,520,540,560,540,540,0.49,0.57,0.55,0.59,0.53,0.5,0.5,0.71,0.5,0.53,49,53,425,73,132,2,6,7,8,19,0
298,540,560,540,560,540,520,540,540,540,540,0.49,0.56,0.58,0.6,0.5,0.32,0.55,0.57,0.56,0.69,49,174,59,30,259,22,75,14,9,81,0
299,560,540,540,540,580,540,540,540,540,560,0.72,0.57,0.62,0.6,0.61,0.49,0.53,0.4,0.56,0.63,18,221,13,15,54,49,40,10,9,8,1
300,520,540,540,560,560,560,560,540,560,560,0.41,0.48,0.49,0.46,0.75,0.65,0.62,0.5,0.46,0.61,70,29,49,11,4,17,53,92,46,38,0
301,540,540,520,540,540,540,480,540,560,560,0.83,0.33,0.4,0.67,0.69,1.0,0.6,0.52,0.45,0.75,6,3,48,6,32,2,5,21,20,4,0
302,540,480,540,540,540,540,540,540,540,540,0.54,0.67,0.53,0.56,0.49,0.4,0.67,0.43,0.56,0.33,39,12,36,482,97,43,27,7,25,3,0
303,560,540,520,560,560,540,560,520,540,540,0.5,1.0,0.43,0.59,0.57,0.54,0.5,0.54,0.56,0.67,68,1,7,49,138,35,14,95,482,42,1
304,540,540,480,540,520,540,540,540,580,460,0.4,0.49,0.55,0.56,0.51,0.5,0.4,0.75,0.43,0.44,5,74,20,482,308,4,5,36,7,9,0
305,520,560,540,540,540,540,520,540,540,560,0.86,0.67,0.49,0.56,0.5,0.0,0.33,0.0,0.33,0.5,7,3,344,482,4,1,3,1,3,6,0
306,460,480,520,540,520,520,520,520,520,540,0.7,0.5,0.44,0.56,0.0,0.48,0.6,0.54,0.64,0.71,10,12,27,482,1,62,20,35,77,31,0
307,540,520,520,540,540,520,520,540,560,520,0.6,0.5,0.58,0.56,0.0,0.6,0.61,1.0,0.6,0.5,110,6,99,482,1,5,18,3,25,485,0
308,540,520,540,540,540,540,540,540,540,540,0.55,1.0,0.56,0.56,0.52,0.33,0.42,0.57,0.47,0.0,49,13,112,482,315,6,113,23,145,2,0
309,520,520,480,540,480,540,540,560,540,540,0.67,0.59,0.5,0.3,0.48,0.57,0.55,0.58,0.56,0.63,6,431,12,20,25,75,123,320,482,8,0
310,520,480,540,520,480,480,460,0,520,540,0.63,0.0,0.55,0.0,0.52,0.5,1.0,0.33,0.5,0.56,27,1,22,2,33,12,2,6,66,9,0
311,480,540,520,520,520,520,480,540,540,520,0.64,0.5,0.0,0.33,0.46,0.83,0.61,0.61,0.56,0.45,14,6,1,15,26,30,33,88,482,20,0
312,540,560,520,520,540,540,560,540,520,540,0.57,0.54,0.49,0.56,0.64,0.62,0.68,0.57,0.6,0.55,7,228,37,482,50,159,28,93,5,387,0
313,540,580,460,540,540,540,540,540,520,520,0.56,0.55,0.75,0.56,0.58,0.7,0.58,0.53,0.61,0.5,328,11,4,482,208,53,36,94,44,10,0
314,480,560,540,540,540,420,560,520,540,520,0.77,0.79,0.56,0.56,0.54,0.5,0.0,0.17,0.5,0.54,22,14,161,482,24,4,1,6,8,230,0
315,540,540,540,520,540,540,520,540,540,520,0.43,0.5,0.5,0.56,0.52,0.5,0.67,1.0,0.8,0.48,49,2,6,482,202,6,3,1,5,82,0
316,520,540,560,540,520,540,560,540,540,540,0.52,0.6,0.55,0.6,0.68,0.45,0.64,0.67,0.56,0.53,166,5,322,30,121,29,50,106,482,30,1
317,480,520,480,480,480,480,480,540,540,580,0.5,0.53,0.63,0.86,0.44,0.0,0.59,0.73,0.56,0.56,2,203,40,7,9,2,29,22,482,102,1
318,560,460,540,540,520,520,540,520,540,540,0.75,0.71,0.62,0.42,0.77,0.6,0.5,0.55,0.56,0.5,4,7,39,19,22,20,6,56,482,237,0
319,520,520,540,520,480,540,520,480,540,540,1.0,0.2,0.62,0.6,0.8,0.0,0.61,0.56,0.56,0.5,3,5,26,42,15,1,23,45,482,28,1
320,540,520,520,560,560,540,560,540,540,540,0.67,0.0,0.64,0.4,0.53,0.46,0.44,0.56,0.56,0.65,15,3,50,5,135,11,23,107,482,17,0
321,520,540,560,460,520,520,540,480,540,480,0.55,0.57,0.86,0.58,0.54,0.57,0.5,0.0,0.56,0.0,157,46,14,12,688,69,92,3,482,3,1
322,520,520,540,540,540,540,460,480,480,520,1.0,0.54,0.49,0.56,0.46,0.2,0.0,0.53,0.5,0.0,1,63,33,482,22,5,3,38,6,1,0
323,520,540,520,460,520,540,520,520,520,540,0.49,0.57,0.33,0.54,0.5,0.49,0.67,0.36,0.56,0.57,154,23,9,24,38,81,24,31,482,21,0
324,540,540,520,520,540,520,520,520,560,520,0.56,0.56,0.36,0.5,1.0,0.43,0.53,0.0,0.44,0.33,482,317,31,2,1,7,17,3,18,3,0
325,520,520,520,520,480,520,540,520,520,540,0.52,0.0,0.22,0.58,0.42,1.0,0.58,1.0,0.49,0.65,23,1,9,38,67,3,108,1,78,200,0
326,660,680,660,680,660,660,660,680,680,640,0.5,0.67,1.0,0.44,0.62,0.51,0.41,0.54,0.55,0.61,2,12,3,39,94,83,27,218,74,126,0
327,660,660,660,680,660,680,680,660,660,680,0.5,0.25,0.61,0.48,0.53,0.66,0.59,0.58,0.65,0.5,84,8,308,60,102,187,114,50,63,2,0
328,660,660,660,640,660,660,660,580,680,680,0.6,0.59,0.61,0.65,0.54,0.44,0.7,0.47,0.53,0.5,5,114,308,63,26,32,10,15,57,4,0
329,640,640,640,660,660,660,640,660,640,660,0.54,0.25,0.65,0.33,0.56,1.0,0.51,1.0,0.48,0.71,276,4,76,15,513,1,35,1,50,17,0
330,660,660,660,640,660,660,660,660,640,640,0.61,0.54,0.44,0.61,0.59,0.55,0.56,0.53,0.48,0.55,308,260,136,246,341,51,41,74,387,11,0
331,580,640,660,640,640,640,580,640,640,640,0.69,0.62,0.44,0.62,0.61,0.67,0.5,0.63,0.0,0.53,13,52,16,21,18,9,2,8,3,116,0
332,680,660,660,640,640,660,640,660,580,660,0.53,1.0,0.61,0.57,0.57,0.41,0.58,0.43,0.58,0.56,681,3,308,44,7,42,134,7,55,16,0
333,660,660,660,660,660,640,680,660,660,640,0.56,0.56,0.54,0.68,0.39,0.5,0.61,0.61,0.54,0.75,670,27,282,53,23,2,287,308,13,20,1
334,640,640,660,640,640,660,660,640,660,660,0.5,0.69,0.61,0.5,0.75,0.57,0.54,0.57,0.59,0.58,4,71,308,6,20,139,107,14,66,123,0
335,660,680,660,660,640,680,660,680,660,680,0.5,0.47,0.61,0.55,0.75,0.58,0.56,0.39,0.64,0.59,2,45,308,20,20,81,16,18,11,341,0
336,640,660,660,660,660,640,660,640,640,620,0.59,0.5,0.61,0.52,0.6,0.0,0.56,0.64,0.4,0.55,41,46,308,290,78,1,985,25,5,141,0
337,660,660,660,660,660,640,660,660,660,660,0.53,0.77,0.57,0.49,0.5,0.67,0.44,0.61,0.53,0.58,19,22,397,110,135,6,9,308,198,121,1
338,640,640,660,580,620,580,680,640,660,660,0.55,0.67,0.61,0.7,0.75,0.0,0.56,0.45,0.54,0.33,383,6,308,10,20,1,36,49,71,3,0
339,640,640,640,580,620,640,660,660,640,660,0.51,0.55,0.61,0.63,0.75,0.68,0.36,0.23,0.64,0.43,193,85,308,8,20,40,22,13,11,14,0
340,580,620,640,620,560,580,580,640,640,620,0.64,0.44,0.51,0.58,0.86,0.67,0.61,0.61,0.45,0.75,127,41,84,31,7,6,18,308,38,20,0
341,660,620,640,640,660,580,660,640,580,620,0.5,0.56,0.54,0.0,0.65,0.5,0.5,0.61,0.6,0.75,10,215,215,1,66,6,145,308,10,20,0
342,620,660,640,640,620,640,640,660,640,640,0.46,0.56,0.61,0.54,0.75,0.59,0.4,0.33,0.45,0.5,13,720,308,223,20,274,5,3,40,4,0
343,640,620,640,660,620,640,640,640,640,640,0.5,0.5,0.61,0.45,0.62,0.53,0.57,0.53,0.61,0.25,2,16,308,49,233,17,237,358,119,4,0
344,680,640,620,620,620,580,660,660,660,640,0.45,0.55,0.42,0.0,0.48,0.56,0.55,0.56,0.47,0.58,20,42,123,2,25,219,112,408,53,130,0
345,640,640,660,640,0,640,540,640,580,620,0.69,0.75,0.56,0.63,0.43,0.58,0.63,0.61,0.4,0.75,36,4,16,38,7,102,8,308,5,20,1
346,640,620,660,660,640,660,640,640,660,620,0.56,0.64,0.58,0.62,0.5,0.56,0.71,0.61,0.54,0.75,9,11,133,99,2,9,7,308,149,20,0
347,660,620,640,640,640,640,640,640,640,660,0.71,1.0,0.58,0.67,0.65,0.58,0.52,0.61,0.53,0.49,24,3,371,3,17,287,31,308,839,179,1
348,640,660,640,640,640,640,660,640,640,640,0.65,0.56,0.44,0.48,0.63,0.62,0.23,0.69,0.86,0.63,228,88,16,92,24,13,13,58,7,78,0
349,660,680,640,660,660,660,660,660,660,660,0.59,0.0,0.61,0.54,0.58,0.6,0.6,1.0,0.53,0.6,117,1,308,41,92,63,241,2,30,79,0
350,640,640,640,660,620,660,660,640,640,640,0.52,0.54,0.5,0.75,0.61,0.56,0.46,0.61,0.25,1.0,478,28,2,4,285,45,26,308,36,1,0
351,660,640,640,640,640,640,660,640,660,660,0.36,0.53,0.61,0.63,0.43,0.47,0.65,0.54,0.63,0.73,31,254,308,105,37,15,17,550,24,11,0
352,540,580,540,0,580,640,640,620,620,640,0.69,0.67,0.69,1.0,0.53,0.5,0.25,0.57,0.55,0.58,13,12,16,1,30,2,4,291,42,26,1
353,640,620,660,640,640,580,640,660,660,660,0.71,0.25,0.6,0.45,0.43,0.58,0.55,0.5,0.55,0.48,17,4,410,114,21,135,42,10,281,40,0
354,620,620,620,580,620,580,580,640,580,620,0.5,0.63,0.53,0.67,0.44,0.5,0.39,1.0,0.44,0.54,50,56,36,3,57,44,13,2,9,501,0
355,640,640,620,620,640,620,620,580,640,580,0.63,0.71,0.62,0.67,0.48,0.56,0.61,0.25,0.33,0.43,30,7,21,3,46,43,158,4,27,7,1
356,580,580,580,620,580,620,620,640,640,620,0.52,0.38,0.6,0.57,0.0,0.66,0.42,0.8,0.52,0.53,31,16,5,35,2,29,26,10,33,38,0
357,580,620,560,580,580,580,620,620,620,580,0.5,0.6,0.5,0.45,0.5,0.75,0.66,0.52,0.53,0.43,97,35,6,20,6,4,59,346,15,7,0
358,620,580,620,620,580,620,640,640,640,620,0.0,0.36,0.59,0.53,0.0,0.53,0.65,0.5,0.68,1.0,3,14,102,17,2,132,31,4,47,3,0
359,620,560,620,620,640,640,640,640,580,640,0.64,0.5,0.42,0.57,0.3,0.7,0.6,0.64,0.67,0.52,22,2,69,30,20,10,77,104,3,202,0
360,620,640,660,540,620,560,620,660,640,640,0.58,0.54,0.62,0.67,1.0,0.63,0.0,0.59,0.5,0.54,36,632,309,3,1,19,2,323,10,28,0
361,580,620,620,640,580,560,560,560,560,620,0.63,0.51,0.57,0.56,0.64,0.0,0.55,0.61,0.63,0.38,16,791,76,223,14,1,31,44,65,8,1
362,580,580,560,0,580,640,480,480,580,560,0.62,0.56,0.63,0.0,0.38,1.0,0.5,0.33,0.6,0.54,69,9,38,2,8,1,2,3,5,92,0
363,620,580,580,560,620,520,0,580,560,0,0.56,0.52,0.5,0.76,0.71,0.0,0.5,0.58,0.5,0.5,9,219,4,25,7,1,2,12,4,2,1
364,620,580,640,580,560,560,580,620,640,0,0.47,0.59,0.51,0.62,0.56,0.25,0.55,0.5,0.4,0.43,265,228,552,87,64,16,22,16,35,7,1
365,620,560,560,620,560,620,580,560,640,0,0.64,0.0,0.0,0.0,0.58,0.59,0.53,0.6,1.0,0.5,97,1,2,2,12,22,17,5,6,2,0
366,580,560,560,620,0,640,580,0,580,580,0.5,0.64,0.0,0.49,0.5,0.38,0.75,0.56,0.75,0.52,72,22,2,49,2,8,12,18,4,285,0
367,580,580,580,620,0,660,520,620,620,560,0.25,0.44,0.5,0.44,0.43,0.6,0.55,0.54,0.75,0.68,4,48,72,16,7,52,11,41,8,60,0
368,640,640,560,580,640,580,660,640,640,0,0.61,0.42,0.4,0.38,0.38,0.5,0.6,0.62,0.55,0.43,43,24,5,8,24,2,534,95,155,7,0
369,620,580,580,0,640,640,640,660,520,580,0.47,0.56,0.67,1.0,0.49,0.83,0.56,0.67,0.0,0.58,265,32,18,1,333,6,156,120,1,71,0
370,660,660,660,680,680,640,660,640,680,640,0.54,0.56,0.67,0.59,0.5,0.5,0.68,0.53,0.4,0.44,37,720,18,17,42,2,41,116,35,57,0
371,660,680,680,660,640,680,660,680,660,660,0.49,0.4,0.59,0.55,0.49,0.58,0.56,0.6,0.66,0.59,195,10,562,417,35,599,720,70,29,162,0
372,680,660,680,680,700,580,640,620,660,640,0.58,0.56,0.58,0.62,0.6,0.33,0.0,0.57,0.67,0.39,599,720,325,37,99,12,1,77,9,36,0
373,680,680,660,660,680,680,660,660,640,660,0.69,0.55,0.5,0.61,1.0,0.2,0.56,0.56,0.56,0.5,115,112,4,119,1,25,720,89,9,186,1
374,580,660,640,660,580,620,660,640,640,640,0.5,0.8,0.67,0.53,1.0,0.4,0.56,0.0,0.67,0.17,2,15,3,36,1,5,720,4,18,6,1
375,660,660,680,680,660,680,660,680,680,660,0.71,0.56,0.53,0.52,1.0,0.23,0.5,0.57,0.55,0.5,69,720,273,95,1,13,4,184,485,2,0
376,660,660,660,660,680,660,620,680,680,640,0.33,0.58,0.46,0.55,0.6,0.83,0.82,0.55,0.56,0.79,6,267,72,33,206,6,27,29,16,19,0
377,640,620,660,660,660,660,660,660,660,660,0.65,0.58,0.5,0.86,0.33,0.63,1.0,0.53,1.0,0.5,88,40,52,7,3,41,12,36,1,48,0
378,640,620,640,680,640,660,660,640,620,640,0.75,0.44,0.61,0.55,0.25,0.55,0.56,0.55,0.42,0.59,4,9,18,165,8,249,720,267,24,500,1
379,660,660,660,660,640,680,680,660,640,680,0.57,0.56,0.5,0.64,0.59,0.58,0.58,0.5,0.5,0.51,124,720,52,11,68,81,224,2,86,785,0
380,660,680,660,660,660,620,660,660,640,660,0.67,0.58,0.69,0.4,0.61,0.53,0.56,0.0,0.59,0.38,15,38,16,126,69,118,720,1,93,8,1
381,660,660,660,680,660,680,660,660,660,660,0.0,0.2,0.74,0.54,0.52,0.75,0.56,0.46,0.7,0.58,1,10,23,63,115,4,720,11,57,132,0
382,640,660,640,640,620,640,660,660,640,660,0.66,0.56,0.63,0.57,0.5,0.0,0.33,0.61,0.57,0.5,29,720,60,7,4,1,3,23,14,4,0
383,660,680,680,680,660,680,660,660,0,580,0.46,0.63,0.4,0.56,0.75,0.55,0.56,0.0,0.44,0.77,28,251,5,279,4,445,720,1,9,53,1
384,640,660,640,620,640,660,640,580,660,620,0.57,0.56,0.54,1.0,0.59,0.32,0.5,0.56,0.54,0.5,86,720,81,2,32,19,6,9,434,2,0
385,640,660,620,660,660,680,660,680,640,640,0.36,0.56,0.39,0.55,0.43,0.66,0.67,0.52,0.52,0.53,11,720,26,172,67,187,12,21,60,81,0
386,660,660,660,640,680,680,680,680,640,680,0.6,0.56,0.58,0.71,0.69,0.5,0.51,0.45,0.0,0.52,45,720,50,24,13,12,695,20,1,440,0
387,660,660,660,640,620,640,580,580,660,660,0.33,0.56,0.0,0.75,0.35,0.62,0.67,0.62,0.55,0.45,9,720,1,8,17,52,3,52,273,40,0
388,660,620,660,680,680,680,660,680,660,640,0.55,0.55,0.44,0.5,0.51,0.18,0.56,0.78,0.36,0.65,51,793,23,164,43,11,720,114,11,20,0
389,680,660,660,660,620,660,660,580,700,580,0.56,0.53,0.64,0.53,0.58,0.49,0.56,0.5,0.58,0.5,670,274,89,150,153,69,720,2,393,18,1
390,680,660,660,660,680,680,680,700,680,680,0.63,0.56,0.54,0.31,0.58,0.56,0.7,0.62,0.33,0.58,8,720,52,13,26,18,40,314,12,73,0
391,680,660,680,680,640,660,660,640,640,680,0.52,0.56,0.58,0.33,0.6,0.5,0.57,0.55,0.67,0.55,93,720,12,12,10,4,651,11,3,66,0
392,620,660,640,660,640,580,620,620,680,640,0.67,0.56,0.5,0.61,0.58,0.53,0.5,0.55,0.48,0.52,144,720,4,137,119,406,4,62,23,174,0
393,640,680,660,660,660,680,660,680,640,660,0.53,0.6,0.69,0.4,0.58,0.4,0.56,0.5,0.54,0.4,62,264,13,5,439,5,720,4,103,15,0
394,680,680,680,680,640,680,660,700,680,680,0.54,0.86,0.69,0.55,0.4,0.5,0.56,0.46,0.4,0.53,157,7,16,60,15,80,720,22,25,676,1
395,660,660,680,660,640,660,660,700,680,640,0.67,0.56,0.53,0.57,0.56,0.58,0.5,0.56,0.55,0.45,15,720,382,107,27,395,30,208,178,20,0
396,680,680,680,660,680,680,680,680,680,700,0.6,0.56,0.59,0.42,0.53,0.9,0.86,0.53,0.68,0.74,20,720,251,38,666,10,7,382,106,85,0
397,680,660,680,640,680,700,680,680,660,700,0.62,0.56,0.59,0.29,0.55,0.63,0.56,0.56,0.57,0.6,26,720,251,21,287,75,459,165,145,95,0
398,660,680,660,680,660,680,680,660,700,680,0.57,0.56,0.13,0.54,0.48,0.54,0.5,0.5,0.38,0.49,302,720,8,24,61,243,52,120,16,197,0
399,540,0,660,580,620,580,560,640,560,580,0.0,0.0,0.0,0.56,0.5,0.71,0.61,0.53,0.67,0.73,1,1,1,18,258,7,18,17,39,33,0
400,640,640,620,640,640,640,620,640,660,640,0.54,1.0,0.46,0.31,0.58,0.55,0.59,0.53,0.43,0.61,266,3,13,13,55,20,615,201,14,132,1
401,680,580,560,660,680,660,680,680,620,580,0.55,0.5,0.83,0.65,0.53,0.33,0.67,0.25,0.14,0.67,126,2,6,46,346,3,3,8,7,3,0
402,620,640,580,640,660,660,660,620,640,580,0.58,0.62,0.5,0.72,0.73,0.56,0.33,0.59,0.62,0.0,144,39,14,88,33,43,6,46,104,2,1
403,660,680,660,660,640,660,680,640,640,660,0.67,0.5,0.56,0.65,0.56,0.55,0.75,0.53,0.51,0.59,3,52,484,46,152,11,8,344,35,17,0
404,640,680,640,660,660,680,660,660,660,660,0.44,0.0,0.55,0.58,0.56,0.5,0.52,0.55,0.51,0.54,16,2,20,97,43,758,640,11,78,37,0
405,640,640,640,660,620,640,660,640,640,660,0.7,0.57,0.63,0.63,0.63,0.56,0.58,0.5,0.68,0.4,20,129,367,92,30,18,224,14,31,10,1
406,660,640,640,660,640,580,580,640,640,640,0.54,0.3,0.56,0.43,0.56,0.75,0.55,1.0,0.6,0.54,103,23,310,14,34,4,20,7,30,13,0
407,640,620,640,660,640,660,620,640,640,660,0.66,0.49,0.5,1.0,0.56,0.5,0.59,0.5,0.67,0.57,110,39,8,1,221,8,41,4,12,226,0
408,660,640,660,660,660,640,680,660,680,640,0.63,0.65,0.5,0.6,0.55,0.5,0.67,0.56,0.6,0.62,243,26,205,30,266,22,18,86,78,102,0
409,360,320,360,320,320,380,260,420,360,320,0.5,0.77,0.5,0.5,0.61,0.0,0.0,0.25,0.5,0.0,12,17,4,6,23,1,1,4,2,1,1
410,0,0,320,380,260,380,0,340,360,320,0.0,0.62,0.25,0.57,0.5,0.64,1.0,0.33,0.5,0.42,6,13,4,7,4,11,1,3,4,103,0
411,240,260,340,220,280,240,260,260,320,280,1.0,0.54,0.25,0.6,0.6,0.5,0.0,0.65,0.57,0.56,1,97,4,5,42,4,2,17,54,9,1
412,420,260,360,280,0,0,380,0,380,0,0.57,0.63,0.53,0.51,1.0,0.5,0.25,0.5,0.57,0.43,14,8,15,78,1,2,4,2,7,7,1
413,320,360,280,380,0,280,0,360,360,0,0.75,0.53,0.61,0.57,0.43,0.0,0.0,0.5,0.0,0.5,4,17,18,7,7,1,1,6,1,2,0
414,480,460,420,540,420,420,420,480,420,480,0.0,0.5,0.43,0.58,0.33,0.6,0.5,0.75,1.0,0.33,6,4,7,24,6,25,2,24,4,3,0
415,440,540,460,480,520,520,520,480,440,520,1.0,0.5,0.64,0.5,0.9,0.56,0.67,0.0,0.67,0.63,2,10,11,10,10,9,6,1,12,46,1
416,520,520,520,480,520,480,520,480,480,520,0.52,0.65,0.59,0.42,0.52,0.4,0.52,0.33,0.5,0.4,25,17,27,19,189,5,21,6,38,5,1
417,480,520,480,520,460,540,480,520,480,540,0.0,0.5,0.33,0.55,0.29,0.29,0.59,0.5,0.65,0.48,5,34,6,38,14,14,22,2,89,101,0
418,480,520,520,520,520,520,480,480,520,480,0.53,0.52,0.44,0.29,0.63,0.55,0.57,0.33,0.55,0.33,122,98,36,7,41,350,7,6,29,12,0
419,460,460,480,460,520,580,520,540,420,520,0.0,0.5,0.0,0.1,0.5,0.53,0.67,0.45,0.59,0.73,2,4,6,10,14,109,6,56,17,11,0
420,480,540,540,520,540,540,520,540,520,540,0.0,0.0,0.57,0.73,0.49,0.25,0.4,0.5,0.56,0.6,6,1,536,11,127,8,15,4,136,208,0
421,480,520,540,520,520,520,520,480,520,540,0.45,0.61,0.88,1.0,0.43,0.5,0.0,0.0,0.6,0.42,20,275,16,2,35,4,3,1,50,26,1
422,480,540,480,480,520,440,540,480,520,540,0.4,0.6,0.56,0.75,0.47,0.52,0.17,0.33,0.57,0.59,5,5,9,4,71,21,6,6,54,22,1
423,480,520,480,540,480,540,480,560,520,0,0.67,0.5,0.0,0.62,0.33,0.58,0.75,0.8,0.55,0.5,3,6,6,50,3,320,4,5,312,2,0
424,520,480,480,460,560,560,0,520,540,520,0.6,0.67,0.33,0.56,0.0,1.0,1.0,0.67,0.54,0.56,10,15,6,48,1,1,1,3,69,34,0
425,520,540,560,560,520,540,560,0,480,520,0.33,0.33,0.67,0.8,0.25,0.64,0.4,0.0,0.61,0.59,3,6,6,15,8,63,45,1,28,22,1
426,0,520,0,460,460,420,520,480,0,520,1.0,0.54,1.0,0.62,0.8,0.44,0.45,0.5,0.43,0.25,1,99,2,26,5,16,49,2,14,8,0
427,520,560,520,480,0,540,540,480,520,540,0.59,0.25,0.5,0.5,0.0,1.0,0.7,1.0,0.44,1.0,108,8,10,4,1,1,64,2,32,1,0
428,520,0,540,460,480,540,0,480,460,440,0.67,0.0,0.4,0.72,0.38,1.0,0.71,0.4,1.0,0.64,49,1,10,39,8,2,28,5,1,39,0
429,0,580,560,560,540,460,580,480,540,520,0.0,0.0,0.53,0.58,0.46,0.33,0.63,1.0,0.59,0.5,6,3,286,40,11,6,65,1,152,2,0
430,520,540,520,580,560,520,0,0,560,520,0.75,0.52,0.71,0.57,0.52,0.0,0.6,0.0,0.7,0.38,4,82,34,37,21,2,5,1,20,8,1
431,540,540,480,480,480,540,520,0,0,480,1.0,0.5,0.57,0.56,0.48,0.57,0.5,0.0,0.7,0.0,1,2,7,50,23,44,12,1,10,3,1
432,580,620,620,640,640,620,660,640,640,640,0.37,0.78,0.6,0.45,0.14,0.5,0.56,0.56,0.61,0.62,19,9,10,49,7,4,720,36,119,53,0
433,620,660,640,640,620,660,640,620,640,640,0.5,0.56,0.65,0.58,0.56,0.0,0.63,0.0,0.47,0.45,4,720,138,124,25,1,8,5,55,31,0
434,420,360,420,380,380,440,420,380,340,460,0.67,0.5,0.43,0.63,0.5,0.76,0.67,0.56,0.36,0.44,3,10,7,27,8,29,3,18,11,18,0
435,420,420,420,380,420,420,420,420,340,420,0.71,1.0,0.4,0.59,0.5,0.91,0.17,0.39,0.75,0.52,35,4,5,139,4,11,6,18,4,27,0
436,440,440,420,420,440,380,420,460,520,420,0.58,0.65,0.5,0.6,0.61,0.29,0.63,0.53,0.37,0.5,285,17,24,10,54,7,8,15,46,36,1
437,440,420,460,440,420,420,420,460,460,460,0.5,0.4,0.33,0.56,0.67,0.67,0.56,0.68,0.46,0.49,2,5,3,34,6,3,32,28,120,55,0
438,420,440,460,460,420,440,440,460,460,440,0.5,0.58,0.53,0.44,0.44,0.49,0.64,0.4,0.57,0.49,4,375,15,36,9,47,11,5,98,229,0
439,460,420,420,420,380,440,420,440,440,440,1.0,0.63,1.0,0.73,0.61,0.54,0.2,0.48,0.21,0.39,1,62,1,15,23,50,10,124,14,18,0
440,440,440,440,440,420,460,520,420,420,440,0.56,0.6,0.63,0.47,0.62,0.68,0.69,0.29,0.67,0.51,18,114,272,15,47,28,91,7,15,170,0
441,360,440,480,440,440,420,460,380,440,440,0.65,0.47,0.59,0.68,0.6,0.25,0.0,0.0,0.32,0.0,23,70,22,34,309,4,1,1,19,2,1
442,540,520,520,520,520,480,540,520,480,540,0.6,0.38,0.0,0.57,0.67,0.7,0.76,0.64,0.56,0.55,324,8,1,54,3,54,21,14,9,42,0
443,520,520,520,480,520,520,520,520,540,520,0.45,0.47,0.55,0.38,0.51,0.71,0.38,0.44,0.63,0.62,69,55,485,8,539,7,8,27,81,110,0
444,480,520,480,520,480,520,520,520,520,460,0.67,0.49,0.57,0.48,0.61,0.59,0.42,0.6,0.59,0.68,6,37,108,23,92,78,12,103,101,25,0
445,420,480,480,560,520,520,520,520,540,520,0.33,1.0,0.65,0.52,0.5,0.64,0.48,0.59,0.56,0.25,3,2,97,23,126,33,29,101,32,4,1
446,480,520,520,460,440,520,520,520,520,460,1.0,0.65,1.0,0.47,0.53,0.45,0.5,0.48,0.46,0.5,1,26,1,30,403,20,4,31,35,6,1
447,520,480,520,520,480,480,520,520,480,480,0.75,0.52,0.41,0.43,0.36,0.67,0.38,0.58,0.69,0.56,8,172,58,51,11,3,8,358,16,41,0
448,520,520,520,520,520,480,480,540,520,520,0.5,0.28,0.6,0.7,0.51,0.64,0.61,0.5,0.57,0.83,10,18,5,10,311,11,46,2,49,12,0
449,440,580,520,480,480,520,460,540,540,460,0.53,0.0,0.38,0.6,0.5,0.38,0.56,1.0,0.43,0.63,58,2,8,5,2,21,39,1,21,8,0
450,520,520,520,520,540,540,520,520,520,480,0.25,0.6,0.44,0.52,0.31,0.62,0.62,0.5,0.68,0.63,8,10,34,46,16,92,189,299,138,94,0
451,540,540,520,480,520,520,480,520,520,520,0.5,0.5,0.38,0.57,0.51,0.5,0.69,0.53,0.33,0.59,4,8,8,21,49,6,13,59,3,257,0
452,480,520,520,520,480,480,520,520,520,520,0.57,0.64,0.25,0.36,0.5,0.75,0.58,0.28,0.56,0.53,90,25,4,14,2,4,24,18,32,36,0
453,520,540,520,520,520,480,480,520,540,480,1.0,0.66,0.38,0.49,0.57,0.5,0.2,0.43,0.6,0.5,5,35,8,344,438,6,5,7,25,4,0
454,520,520,520,540,540,540,520,540,460,520,0.17,0.54,0.38,0.56,0.75,0.55,0.59,0.54,0.67,1.0,6,67,8,32,12,40,178,59,3,1,0
455,460,520,520,520,520,520,460,520,560,520,0.56,0.54,0.57,1.0,0.39,0.57,0.61,0.38,0.17,0.36,45,57,7,1,18,21,18,8,6,22,1
456,480,480,520,460,520,420,580,520,520,520,0.59,0.0,0.0,0.27,0.67,0.67,0.5,0.38,0.92,0.63,81,1,1,11,12,67,2,8,50,27,0
457,520,520,520,480,520,520,520,520,520,480,0.56,0.74,0.53,0.61,0.53,0.59,0.5,0.33,0.46,0.62,18,31,103,49,169,204,28,3,52,66,0
458,560,480,460,520,520,520,520,520,560,440,1.0,0.44,1.0,0.54,0.32,0.67,0.38,0.61,0.54,0.43,7,9,5,288,25,3,8,216,26,63,1
459,520,520,520,520,520,520,480,460,520,520,0.33,0.43,0.52,0.71,0.56,0.28,0.44,0.67,0.7,0.54,3,21,436,7,9,18,9,18,10,28,0
460,520,480,520,540,520,520,540,480,520,520,0.5,0.4,0.54,0.48,0.51,0.38,0.56,0.54,0.56,0.44,16,15,37,31,155,8,71,24,32,16,1
461,560,520,520,520,520,540,540,520,520,540,0.4,0.0,0.49,0.47,0.43,1.0,0.5,0.7,0.4,0.55,10,1,87,19,145,3,2,73,76,157,0
462,520,520,520,520,520,520,480,520,520,520,1.0,0.67,0.36,0.33,0.5,0.49,0.25,0.67,0.36,0.58,2,15,14,6,2,37,4,3,11,19,0
463,520,540,520,460,440,520,520,520,420,540,0.57,0.5,0.33,0.25,0.44,0.43,1.0,0.43,0.6,1.0,7,4,3,4,25,7,3,21,30,2,0
464,520,540,520,520,540,540,540,540,520,540,0.47,0.4,0.33,0.33,0.52,0.66,0.56,0.51,0.63,0.67,49,25,9,6,66,108,39,112,8,6,0
465,480,520,480,520,520,520,480,480,520,480,0.44,0.42,0.0,0.59,0.0,0.52,0.8,0.61,0.43,0.62,16,26,2,179,5,25,5,74,21,13,0
466,520,520,520,520,520,520,560,520,540,520,0.52,0.61,0.51,0.5,0.48,0.25,0.5,0.51,0.63,0.56,25,134,162,46,27,4,2,87,24,77,0
467,520,520,480,520,520,460,520,520,480,520,0.38,0.54,0.48,0.49,0.46,0.51,0.5,0.57,0.65,0.54,8,13,21,229,11,165,12,7,51,65,0
468,520,540,480,520,540,520,520,520,480,520,0.36,0.44,0.5,0.63,0.5,0.46,0.55,0.57,1.0,0.65,11,18,8,24,12,82,80,7,4,69,0
469,520,540,560,560,480,520,520,540,560,560,0.48,0.52,0.52,0.54,0.5,0.57,0.75,0.54,0.53,0.56,31,140,25,120,4,7,16,13,45,152,0
470,560,540,520,540,560,540,540,560,540,560,0.44,0.53,0.55,0.59,0.59,0.67,0.52,0.62,0.52,0.53,211,15,183,160,172,3,140,37,119,248,0
471,540,540,540,540,560,560,540,560,540,540,0.55,0.58,0.7,1.0,0.57,0.52,0.52,0.6,0.54,0.56,275,12,10,1,28,27,140,15,416,50,1
472,540,460,540,540,540,540,540,460,480,480,0.63,0.71,0.42,0.53,0.4,0.4,0.52,0.63,1.0,1.0,16,24,19,19,30,10,140,8,3,4,0
473,540,560,0,560,560,540,540,540,560,480,0.58,0.6,1.0,0.58,1.0,0.5,0.54,0.5,0.33,0.25,136,67,1,532,5,20,262,16,6,4,1
474,540,560,540,540,560,580,540,540,560,560,0.44,0.49,0.62,0.25,0.46,0.33,0.65,0.56,0.62,0.44,23,220,21,4,24,3,20,34,26,9,0
475,540,560,540,540,540,560,560,560,560,520,0.43,0.33,0.42,0.25,0.55,0.69,0.5,0.58,0.33,0.62,7,3,19,4,80,16,6,60,18,21,0
476,560,560,540,540,540,540,540,560,580,560,0.4,0.54,0.6,0.44,0.0,0.54,0.57,0.75,0.56,0.5,5,262,5,45,1,13,67,4,9,4,0
477,560,560,560,560,560,560,560,560,560,560,0.68,0.5,0.53,0.89,0.43,0.54,0.54,0.56,0.57,0.57,25,2,45,9,7,107,262,9,95,7,1
478,480,520,580,560,560,560,580,560,580,560,0.0,0.71,0.42,0.54,0.42,0.4,0.54,0.33,0.38,0.33,1,17,19,153,66,81,13,6,16,3,0
479,480,560,560,560,560,580,520,560,580,480,0.5,0.61,0.4,0.54,0.33,0.53,0.55,0.0,0.0,0.55,2,46,5,153,6,175,190,5,1,60,0
480,540,560,540,560,560,560,560,580,560,560,0.33,0.67,0.0,0.54,0.5,0.5,0.61,0.6,0.43,0.52,12,12,2,153,6,4,28,67,30,58,0
481,540,560,560,560,560,560,560,580,580,560,0.0,0.52,0.0,0.5,0.63,0.63,0.4,0.5,0.86,0.5,1,140,3,34,16,8,10,30,7,4,0
482,540,560,580,580,560,560,560,580,540,560,0.61,0.54,0.57,0.5,0.8,0.66,0.54,0.62,1.0,0.38,206,26,960,20,10,119,262,13,1,8,0
483,560,560,580,560,520,540,560,560,560,560,0.43,0.5,0.46,0.5,0.52,0.67,0.52,0.38,0.0,0.43,40,52,13,8,31,3,140,21,1,7,1
484,560,560,560,560,540,560,480,520,560,580,0.59,0.52,0.53,0.59,0.51,0.64,0.0,0.0,0.63,0.57,145,140,30,66,35,174,1,3,8,81,0
485,680,660,680,700,680,680,680,680,660,660,0.5,0.5,0.64,0.66,0.62,0.51,0.63,0.59,0.53,0.58,8,30,11,101,13,116,8,86,150,153,0
486,680,660,660,660,660,660,0,660,620,680,0.52,0.66,0.67,0.53,0.58,0.71,0.73,0.44,0.0,0.63,506,70,3,150,153,7,11,16,1,24,0
487,640,660,660,680,640,0,520,520,660,660,0.6,0.61,0.44,0.54,0.77,0.33,0.76,0.7,0.53,0.58,15,88,16,46,17,3,25,10,150,153,1
488,660,640,620,660,660,680,680,680,660,660,0.67,0.69,0.0,0.45,0.36,0.79,0.71,0.67,0.53,0.58,3,67,1,85,11,28,14,3,150,153,0
489,680,660,660,660,620,660,660,580,700,580,0.56,0.53,0.64,0.53,0.58,0.49,0.56,0.5,0.58,0.5,670,274,89,150,153,69,721,2,393,18,0
490,680,680,700,680,680,660,680,680,660,620,0.63,0.5,0.68,0.56,0.52,0.56,0.61,0.59,0.53,0.58,80,146,84,72,102,25,146,75,150,153,1
491,560,620,580,620,580,620,620,560,620,580,0.53,0.58,0.0,0.55,0.62,1.0,0.44,0.5,0.43,0.63,68,97,4,260,138,1,9,44,7,93,0
492,620,560,580,560,580,580,580,640,580,620,0.54,0.59,0.25,0.53,0.53,0.42,0.73,0.0,0.63,0.5,95,177,4,17,38,12,11,3,8,20,0
493,580,620,580,620,640,640,620,580,620,580,0.62,0.43,0.52,0.54,0.61,0.75,0.0,0.73,0.48,0.42,65,7,21,184,46,4,1,22,23,24,1
494,580,580,580,580,580,580,620,620,580,580,0.58,0.64,0.54,0.54,0.36,1.0,0.67,0.67,0.47,0.61,191,218,28,37,14,1,6,3,105,54,0
495,580,560,560,540,560,560,580,560,560,580,0.38,0.59,0.54,0.25,0.6,0.45,0.55,0.71,0.58,0.36,16,17,24,8,77,20,359,7,86,14,0
496,580,560,580,580,580,620,580,620,580,580,0.55,0.53,0.6,0.5,0.53,0.51,0.56,0.53,0.63,0.42,368,36,5,8,30,624,197,64,19,24,1
497,560,560,620,580,520,580,620,560,560,580,0.25,0.0,0.58,0.38,0.0,0.33,0.33,0.57,0.35,0.42,4,3,195,8,2,3,6,201,26,24,0
498,520,540,580,540,520,480,440,580,560,520,0.2,0.63,0.5,0.33,0.5,0.85,0.6,0.61,0.78,0.86,5,216,30,9,98,20,5,106,9,21,0
499,540,540,560,540,520,540,560,560,540,540,0.47,0.58,0.67,0.57,0.47,1.0,0.39,1.0,0.57,1.0,19,77,9,51,129,1,13,2,70,1,0
500,560,560,560,560,520,540,620,560,560,560,0.54,0.55,0.47,0.47,0.43,0.5,0.56,0.54,0.59,0.53,68,99,15,66,7,2,16,86,51,15,0
501,580,560,540,560,560,560,520,560,560,580,0.55,0.4,0.56,0.78,0.57,0.54,0.5,0.5,0.58,0.0,20,15,9,9,237,68,12,2,26,3,0
502,560,580,540,580,560,580,560,560,560,580,0.33,0.71,0.3,0.53,0.4,0.25,0.5,0.67,0.5,0.38,3,7,10,157,5,4,4,9,4,32,0
503,0,560,560,420,560,460,560,0,640,420,0.33,0.64,0.67,0.64,0.53,0.69,0.75,1.0,0.67,1.0,15,39,9,22,80,13,4,1,42,4,0
504,560,560,540,560,520,520,560,540,580,540,0.6,0.56,0.57,0.33,0.5,0.46,0.71,0.51,0.57,0.63,10,16,111,9,98,13,55,123,145,16,0
505,560,520,560,560,520,560,540,540,560,560,0.67,0.43,0.54,0.5,0.56,0.61,0.52,0.57,0.57,0.59,3,7,26,6,18,18,115,171,184,110,0
506,520,580,560,560,580,560,620,560,620,620,0.6,0.62,0.44,0.42,0.54,1.0,0.3,0.56,0.49,0.56,68,186,18,12,273,1,23,759,118,155,0
507,540,560,540,560,520,560,540,560,520,580,0.67,0.48,0.37,0.33,0.47,0.52,0.51,0.56,0.59,0.54,24,58,51,3,129,426,140,59,69,366,0
508,540,560,540,540,540,580,540,560,560,520,0.67,0.52,0.53,0.27,0.38,0.61,0.67,0.75,0.5,0.58,3,796,61,11,24,57,9,4,6,96,0
509,520,540,540,580,480,540,560,540,560,520,0.0,0.6,0.6,0.61,0.65,0.5,0.8,0.55,0.71,0.52,1,5,232,194,75,4,5,174,17,191,0
510,540,520,560,520,480,560,420,580,520,480,0.5,0.45,0.33,0.5,0.54,0.5,0.94,0.72,0.33,0.5,32,106,9,4,120,2,16,50,6,4,0
511,520,540,520,520,480,520,540,540,480,540,0.55,0.6,0.64,0.33,0.52,0.0,0.25,0.5,0.2,0.54,80,10,160,3,191,2,4,4,5,108,0
512,520,560,540,540,480,520,460,520,540,520,0.66,0.59,0.53,0.53,0.58,0.5,0.67,0.56,0.83,0.58,112,17,15,55,67,4,3,9,18,96,0
513,520,540,540,560,520,520,520,540,560,520,0.56,0.68,0.72,0.5,0.56,0.5,0.33,0.51,0.58,0.5,9,66,25,6,18,8,3,146,19,12,0
514,460,520,520,520,480,520,480,520,480,480,0.47,0.62,0.0,0.58,0.33,0.51,0.67,0.66,0.67,0.54,15,77,6,419,6,53,33,29,9,120,0
515,480,480,520,520,520,520,520,520,480,480,0.67,0.61,0.53,0.6,0.54,0.67,0.6,0.58,0.33,0.52,9,43,47,10,13,15,20,60,9,191,0
516,520,440,540,480,480,540,520,460,460,520,0.48,0.47,0.59,0.5,0.54,0.49,0.58,0.57,0.6,0.17,306,15,73,6,120,45,89,65,10,6,0
517,460,420,520,560,480,460,520,540,480,480,0.5,0.0,0.57,0.62,0.36,0.67,0.57,0.64,0.33,0.52,4,4,100,47,11,6,107,14,9,191,0
518,520,520,540,520,520,480,480,520,540,520,0.53,0.7,0.56,0.42,0.58,0.0,0.0,0.33,0.49,0.53,103,10,9,82,97,1,1,3,105,73,1
519,520,520,520,540,520,480,520,460,520,560,0.54,0.56,0.73,1.0,0.83,0.5,0.5,0.0,0.33,0.54,13,149,26,2,6,2,86,3,18,28,1
520,480,520,460,520,540,520,420,0,540,560,0.67,0.83,1.0,0.46,0.39,0.5,0.54,0.33,0.29,0.67,9,6,1,35,13,6,52,6,14,27,0
521,540,520,520,540,520,480,540,460,540,460,0.53,0.67,0.33,0.52,0.56,0.0,0.55,0.68,0.43,0.33,47,18,3,89,88,1,134,34,7,3,1
522,480,460,460,460,460,480,480,480,520,460,0.67,0.46,0.68,0.5,0.5,0.33,0.64,0.0,0.49,0.33,9,41,34,6,2,3,22,1,37,3,0
523,480,520,460,480,520,460,460,420,480,460,0.5,0.63,0.68,1.0,0.39,0.0,0.64,0.2,0.0,0.36,2,19,34,2,13,3,42,5,1,14,0
524,520,480,480,460,520,480,480,460,520,480,0.43,0.59,0.25,0.45,0.38,0.67,1.0,0.68,1.0,0.52,14,32,4,64,8,9,1,34,3,29,0
525,520,520,540,540,520,540,520,520,480,540,0.33,0.63,0.49,0.53,0.61,0.56,0.55,0.46,0.33,0.54,3,24,69,66,18,43,20,103,3,186,1
